dataset,cohort_rank,record_id,bp_distance,sequence_length,wt_only_pair_count,mutant_only_pair_count
andreasson2020_glms,0,"127448_3_T45A,A53G,T55G_0.055115187",40,74,21,19
andreasson2020_glms,1,"41850_2_T45A,T54G_0.050131398",40,74,21,19
andreasson2020_glms,2,"18515_2_T55G,A64G_0.030843414",38,74,19,19
andreasson2020_glms,3,"24895_2_T45A,T55G_0.041540703",38,74,21,17
andreasson2020_glms,4,"10167_2_A14G,C67A_0.0413194",38,74,21,17
andreasson2020_glms,5,"30598_2_A15G,T47A_0.030043811",37,74,19,18
andreasson2020_glms,6,"16288_2_G41T,C70G_0.0513141",37,74,19,18
andreasson2020_glms,7,"16288_2_G41T,C70G_0.0513141",37,74,19,18
andreasson2020_glms,8,"17163_3_T47A,A53G,T54G_0.022204864",37,74,19,18
andreasson2020_glms,9,"14472_2_C16T,T47A_0.025853187",36,74,19,17
andreasson2020_glms,10,"107623_3_G40T,T55A,C71A_0.022662719",36,74,19,17
andreasson2020_glms,11,"3688_2_G43T,C68A_0.076137792",36,74,19,17
andreasson2020_glms,12,"22032_2_T47A,A53G_0.039973862",36,74,19,17
andreasson2020_glms,13,"22032_2_T47A,A53G_0.039973862",36,74,19,17
andreasson2020_glms,14,"22032_2_T47A,A53G_0.039973862",36,74,19,17
andreasson2020_glms,15,"28850_3_C16T,A53G,T56G_0.040320645",35,74,18,17
andreasson2020_glms,16,"31732_2_C16T,T56G_0.024098939",35,74,18,17
andreasson2020_glms,17,"12921_2_T47A,C71T_0.034154314",35,74,19,16
andreasson2020_glms,18,"57673_2_T30G,T45A_0.023855599",35,74,21,14
andreasson2020_glms,19,"9272_2_A15G,C70T_0.059789489",33,74,17,16
andreasson2020_glms,20,"53031_3_A15G,T30G,C70T_0.031824378",33,74,17,16
andreasson2020_glms,21,"131471_3_A12T,A39T,C71T_0.049341816",33,74,15,18
andreasson2020_glms,22,"21369_3_A12T,A39T,T54C_0.03657564",33,74,15,18
andreasson2020_glms,23,"11393_2_T54C,C71T_0.035997417",33,74,15,18
andreasson2020_glms,24,"6146_2_A53T,C70T_0.033541827",32,74,15,17
andreasson2020_glms,25,"11833_2_A15G,C71T_0.05185677",32,74,17,15
andreasson2020_glms,26,"11178_2_A14C,T56G_0.069347734",32,74,15,17
andreasson2020_glms,27,"31503_2_A15G,T55C_0.02424669",32,74,17,15
andreasson2020_glms,28,"12876_2_G43A,C68T_0.041008487",32,74,15,17
andreasson2020_glms,29,"9840_2_A12T,G29A_0.040965665",32,74,13,19
andreasson2020_glms,30,"24988_2_A12T,G29C_0.021221046",32,74,13,19
andreasson2020_glms,31,"676_2_A39T,C70T_0.039516879",32,74,13,19
andreasson2020_glms,32,"16398_2_A12C,T45A_0.036952671",31,74,16,15
andreasson2020_glms,33,"121197_3_A12T,A14G,C16G_0.107391446",31,74,15,16
andreasson2020_glms,34,"36405_2_A39T,T45A_0.080704715",31,74,15,16
andreasson2020_glms,35,"50615_2_A39G,C70T_0.021992746",31,74,15,16
andreasson2020_glms,36,"11393_2_T54C,C71T_0.035997417",31,74,15,16
andreasson2020_glms,37,"6146_2_A53T,C70T_0.033541827",31,74,15,16
andreasson2020_glms,38,"17163_3_T47A,A53G,T54G_0.022204864",31,74,16,15
chen2019_pepper,0,pepper_C5A_A6C_A7C_A21G_C36U,33,49,14,19
chen2019_pepper,1,pepper_C5A_A6C_C36U,33,49,14,19
chen2019_pepper,2,pepper_C5A_A7C_A21G,32,49,14,18
chen2019_pepper,3,pepper_C5A_A6C_A21G_C36U,32,49,14,18
chen2019_pepper,4,pepper_C5A_A6C_A21G,32,49,14,18
chen2019_pepper,5,pepper_C5A_A6C_A7C_A21G_C36U,32,49,14,18
chen2019_pepper,6,pepper_C5A_A7C_C36U,32,49,14,18
chen2019_pepper,7,pepper_C5A_A6C_C36U,32,49,14,18
chen2019_pepper,8,pepper_C5A_A6C_C36U,32,49,14,18
chen2019_pepper,9,pepper_C5A_A7C_C36U,32,49,14,18
chen2019_pepper,10,pepper_C9U_A7C_G10C_G21A,31,49,14,17
chen2019_pepper,11,pepper_C9U_A7C_G10C_G21A,31,49,14,17
chen2019_pepper,12,pepper_C9U_A7C_G10C_G21A,31,49,14,17
chen2024_myo,0,61,59,97,29,30
chen2024_myo,1,39,56,97,28,28
chen2024_myo,2,59,52,97,25,27
chen2024_myo,3,61,51,97,25,26
chen2024_myo,4,17,50,97,25,25
chen2024_myo,5,56,50,97,24,26
chen2024_myo,6,17,49,97,25,24
chen2024_myo,7,39,48,97,24,24
chen2024_myo,8,56,48,97,23,25
chen2024_myo,9,15,48,97,22,26
chen2024_myo,10,17,47,97,23,24
chen2024_myo,11,39,47,97,23,24
chen2024_myo,12,39,47,97,23,24
chen2024_myo,13,39,47,97,23,24
chen2024_myo,14,17,46,97,23,23
chen2024_myo,15,17,46,97,23,23
domingo2018,0,Domingo_2018_tRNA_9,32,72,16,16
domingo2018,1,Domingo_2018_tRNA_9,32,72,16,16
domingo2018,2,Domingo_2018_tRNA_12,32,72,15,17
domingo2018,3,Domingo_2018_tRNA_18,32,72,15,17
domingo2018,4,Domingo_2018_tRNA_5,32,72,14,18
domingo2018,5,Domingo_2018_tRNA_22,31,72,15,16
domingo2018,6,Domingo_2018_tRNA_22,31,72,15,16
domingo2018,7,Domingo_2018_tRNA_25,31,72,14,17
domingo2018,8,Domingo_2018_tRNA_16,29,72,14,15
domingo2018,9,Domingo_2018_tRNA_16,29,72,14,15
domingo2018,10,Domingo_2018_tRNA_27,28,72,13,15
domingo2018,11,Domingo_2018_tRNA_3,28,72,15,13
domingo2018,12,Domingo_2018_tRNA_3,28,72,15,13
domingo2018,13,Domingo_2018_tRNA_20,28,72,16,12
domingo2018,14,Domingo_2018_tRNA_3,27,72,13,14
domingo2018,15,Domingo_2018_tRNA_28,27,72,14,13
janzen_fam1b1,0,Janzen_2022_fam1b1_ribozyme_2,37,71,18,19
janzen_fam1b1,1,Janzen_2022_fam1b1_ribozyme_8,37,71,17,20
janzen_fam1b1,2,Janzen_2022_fam1b1_ribozyme_2,36,71,18,18
janzen_fam1b1,3,Janzen_2022_fam1b1_ribozyme_8,36,71,17,19
janzen_fam1b1,4,Janzen_2022_fam1b1_ribozyme_8,33,71,17,16
janzen_fam1b1,5,Janzen_2022_fam1b1_ribozyme_16,33,71,13,20
janzen_fam1b1,6,Janzen_2022_fam1b1_ribozyme_8,32,71,17,15
janzen_fam1b1,7,Janzen_2022_fam1b1_ribozyme_8,32,71,17,15
janzen_fam1b1,8,Janzen_2022_fam1b1_ribozyme_19,32,71,13,19
janzen_fam1b1,9,Janzen_2022_fam1b1_ribozyme_19,32,71,13,19
janzen_fam1b1,10,Janzen_2022_fam1b1_ribozyme_12,32,71,12,20
janzen_fam1b1,11,Janzen_2022_fam1b1_ribozyme_10,31,71,14,17
janzen_fam1b1,12,Janzen_2022_fam1b1_ribozyme_11,31,71,14,17
janzen_fam1b1,13,Janzen_2022_fam1b1_ribozyme_19,31,71,13,18
janzen_fam1b1,14,Janzen_2022_fam1b1_ribozyme_10,30,71,14,16
janzen_fam21,0,Janzen_2022_fam21_ribozyme_291,48,71,23,25
janzen_fam21,1,Janzen_2022_fam21_ribozyme_329,47,71,23,24
janzen_fam21,2,Janzen_2022_fam21_ribozyme_331,47,71,22,25
janzen_fam21,3,Janzen_2022_fam21_ribozyme_386,46,71,23,23
janzen_fam21,4,Janzen_2022_fam21_ribozyme_386,46,71,23,23
janzen_fam21,5,Janzen_2022_fam21_ribozyme_291,46,71,23,23
janzen_fam21,6,Janzen_2022_fam21_ribozyme_41,46,71,22,24
janzen_fam21,7,Janzen_2022_fam21_ribozyme_322,46,71,22,24
janzen_fam21,8,Janzen_2022_fam21_ribozyme_157,46,71,21,25
janzen_fam21,9,Janzen_2022_fam21_ribozyme_40,46,71,20,26
janzen_fam21,10,Janzen_2022_fam21_ribozyme_156,46,71,19,27
janzen_fam21,11,Janzen_2022_fam21_ribozyme_276,45,71,22,23
janzen_fam21,12,Janzen_2022_fam21_ribozyme_376,45,71,22,23
janzen_fam21,13,Janzen_2022_fam21_ribozyme_48,45,71,23,22
janzen_fam21,14,Janzen_2022_fam21_ribozyme_221,45,71,22,23
janzen_fam21,15,Janzen_2022_fam21_ribozyme_48,45,71,23,22
janzen_fam21,16,Janzen_2022_fam21_ribozyme_221,45,71,22,23
janzen_fam21,17,Janzen_2022_fam21_ribozyme_331,45,71,22,23
janzen_fam21,18,Janzen_2022_fam21_ribozyme_376,45,71,22,23
janzen_fam21,19,Janzen_2022_fam21_ribozyme_276,45,71,22,23
janzen_fam21,20,Janzen_2022_fam21_ribozyme_385,45,71,22,23
janzen_fam21,21,Janzen_2022_fam21_ribozyme_10,45,71,23,22
janzen_fam21,22,Janzen_2022_fam21_ribozyme_68,45,71,23,22
janzen_fam21,23,Janzen_2022_fam21_ribozyme_212,45,71,22,23
janzen_fam21,24,Janzen_2022_fam21_ribozyme_48,45,71,23,22
janzen_fam21,25,Janzen_2022_fam21_ribozyme_166,45,71,21,24
janzen_fam21,26,Janzen_2022_fam21_ribozyme_469,45,71,21,24
janzen_fam21,27,Janzen_2022_fam21_ribozyme_288,45,71,21,24
janzen_fam21,28,Janzen_2022_fam21_ribozyme_152,45,71,21,24
janzen_fam21,29,Janzen_2022_fam21_ribozyme_375,45,71,20,25
janzen_fam21,30,Janzen_2022_fam21_ribozyme_211,45,71,20,25
janzen_fam21,31,Janzen_2022_fam21_ribozyme_375,45,71,20,25
janzen_fam21,32,Janzen_2022_fam21_ribozyme_321,45,71,20,25
janzen_fam21,33,Janzen_2022_fam21_ribozyme_102,45,71,20,25
janzen_fam21,34,Janzen_2022_fam21_ribozyme_327,45,71,20,25
janzen_fam21,35,Janzen_2022_fam21_ribozyme_468,45,71,19,26
janzen_fam21,36,Janzen_2022_fam21_ribozyme_43,45,71,19,26
janzen_fam21,37,Janzen_2022_fam21_ribozyme_101,45,71,19,26
janzen_fam31,0,Janzen_2022_fam31_ribozyme_490,47,71,23,24
janzen_fam31,1,Janzen_2022_fam31_ribozyme_147,46,71,23,23
janzen_fam31,2,Janzen_2022_fam31_ribozyme_147,46,71,23,23
janzen_fam31,3,Janzen_2022_fam31_ribozyme_430,46,71,23,23
janzen_fam31,4,Janzen_2022_fam31_ribozyme_490,46,71,23,23
janzen_fam31,5,Janzen_2022_fam31_ribozyme_398,46,71,23,23
janzen_fam31,6,Janzen_2022_fam31_ribozyme_154,45,71,22,23
janzen_fam31,7,Janzen_2022_fam31_ribozyme_133,45,71,23,22
janzen_fam31,8,Janzen_2022_fam31_ribozyme_251,45,71,22,23
janzen_fam31,9,Janzen_2022_fam31_ribozyme_133,45,71,23,22
janzen_fam31,10,Janzen_2022_fam31_ribozyme_154,45,71,22,23
janzen_fam31,11,Janzen_2022_fam31_ribozyme_95,45,71,23,22
janzen_fam31,12,Janzen_2022_fam31_ribozyme_154,45,71,22,23
janzen_fam31,13,Janzen_2022_fam31_ribozyme_384,45,71,23,22
janzen_fam31,14,Janzen_2022_fam31_ribozyme_444,45,71,23,22
janzen_fam31,15,Janzen_2022_fam31_ribozyme_398,45,71,23,22
janzen_fam31,16,Janzen_2022_fam31_ribozyme_307,44,71,22,22
janzen_fam31,17,Janzen_2022_fam31_ribozyme_405,44,71,22,22
janzen_fam31,18,Janzen_2022_fam31_ribozyme_372,44,71,22,22
janzen_fam31,19,Janzen_2022_fam31_ribozyme_372,44,71,22,22
janzen_fam31,20,Janzen_2022_fam31_ribozyme_405,44,71,22,22
janzen_fam31,21,Janzen_2022_fam31_ribozyme_76,44,71,22,22
janzen_fam31,22,Janzen_2022_fam31_ribozyme_359,44,71,22,22
janzen_fam31,23,Janzen_2022_fam31_ribozyme_353,44,71,22,22
janzen_fam31,24,Janzen_2022_fam31_ribozyme_328,44,71,22,22
janzen_fam31,25,Janzen_2022_fam31_ribozyme_330,44,71,22,22
janzen_fam31,26,Janzen_2022_fam31_ribozyme_76,44,71,22,22
janzen_fam31,27,Janzen_2022_fam31_ribozyme_476,44,71,23,21
milena2021_cata,0,A34G_fitness_0.01769,36,54,18,18
milena2021_cata,1,G20U_fitness_0.04210,36,54,18,18
milena2021_cata,2,A34G_fitness_0.01769,36,54,18,18
milena2021_cata,3,C18U_fitness_0.04324,36,54,18,18
milena2021_cata,4,G19C_fitness_0.04148,35,54,18,17
milena2021_cata,5,A4G_fitness_0.00578,35,54,18,17
milena2021_cata,6,G19C_fitness_0.04148,35,54,18,17
milena2021_cata,7,G20U_fitness_0.04210,35,54,18,17
milena2021_cata,8,C18A_fitness_0.04075,35,54,18,17
milena2021_cata,9,C18U_fitness_0.04324,35,54,18,17
milena2021_cata,10,C7U_fitness_0.00756,35,54,18,17
milena2021_cata,11,A30U_fitness_0.00135,35,54,20,15
milena2021_cata,12,A9U_fitness_0.00140,35,54,20,15
milena2021_cata,13,A9U_fitness_0.00140,35,54,20,15
milena2021_cata,14,A9C_fitness_0.00178,35,54,20,15
milena2021_cata,15,A9C_fitness_0.00178,35,54,20,15
milena2021_cata,16,C7U_fitness_0.00756,34,54,18,16
milena2021_cata,17,A30C_fitness_0.00183,34,54,18,16
milena2021_cata,18,U16A_fitness_0.03706,34,54,18,16
milena2021_cata,19,U16A_fitness_0.03706,34,54,18,16
milena2021_cata,20,U16A_fitness_0.03706,34,54,18,16
milena2021_cata,21,C18G_fitness_0.04151,34,54,18,16
milena2021_cata,22,G20U_fitness_0.04210,34,54,18,16
milena2021_cata,23,A34G_fitness_0.01769,34,54,18,16
milena2021_cata,24,G20A_fitness_0.03777,34,54,18,16
milena2021_cata,25,C18U_fitness_0.04324,34,54,18,16
zuo2023_okra,0,Sequence_6,47,76,25,22
zuo2023_okra,1,Sequence_16,46,76,24,22
zuo2023_okra,2,Sequence_49,45,76,23,22
zuo2023_okra,3,Sequence_36,45,76,23,22
zuo2023_okra,4,Sequence_97,45,76,23,22
zuo2023_okra,5,Sequence_40,45,76,23,22
zuo2023_okra,6,Sequence_67,45,76,24,21
zuo2023_okra,7,Sequence_23,44,76,22,22
zuo2023_okra,8,Sequence_46,44,76,22,22
zuo2023_okra,9,Sequence_25,44,76,23,21
zuo2023_okra,10,Sequence_48,44,76,23,21
zuo2023_okra,11,Sequence_72,44,76,23,21
zuo2023_okra,12,Sequence_72,44,76,23,21
zuo2023_okra,13,Sequence_19,44,76,23,21
zuo2023_okra,14,Sequence_19,44,76,23,21
zuo2023_okra,15,Sequence_42,44,76,23,21
zuo2023_okra,16,Sequence_38,44,76,23,21
zuo2023_okra,17,Sequence_47,44,76,23,21
zuo2023_okra,18,Sequence_113,44,76,25,19
zuo2023_okra,19,Sequence_102,44,76,25,19
zuo2023_okra,20,Sequence_109,44,76,25,19
zuo2023_okra,21,Sequence_4,43,76,22,21
zuo2023_okra,22,Sequence_4,43,76,22,21
zuo2023_okra,23,Sequence_39,43,76,22,21
zuo2023_okra,24,Sequence_39,43,76,22,21
zuo2023_okra,25,Sequence_41,43,76,22,21
zuo2023_okra,26,Sequence_41,43,76,22,21
zuo2023_okra,27,Sequence_44,43,76,22,21
zuo2023_okra,28,Sequence_44,43,76,22,21
zuo2023_okra,29,Sequence_45,43,76,22,21
zuo2023_okra,30,Sequence_45,43,76,22,21
zuo2023_okra,31,Sequence_62,43,76,22,21
zuo2023_okra,32,Sequence_62,43,76,22,21
zuo2023_okra,33,Sequence_63,43,76,22,21
