target_dna_chain,nontarget_dna_chain,rna_chain,PLMP_nres,RuvC_nres,BH_nres,HNH_nres,WED_nres,bh_rna_contact_5A,bh_rna_coverage_5A,bh_rna_avgdist_5A,plmp_ruvc_contact_5A,plmp_ruvc_coverage_5A,plmp_ruvc_avgdist_5A,plmp_rna_contact_5A,plmp_rna_coverage_5A,plmp_rna_avgdist_5A,hnh_targetdna_contact_5A,hnh_targetdna_coverage_5A,hnh_targetdna_avgdist_5A,ruvc_nontargetdna_contact_5A,ruvc_nontargetdna_coverage_5A,ruvc_nontargetdna_avgdist_5A,bh_rna_contact_7A,bh_rna_coverage_7A,bh_rna_avgdist_7A,plmp_ruvc_contact_7A,plmp_ruvc_coverage_7A,plmp_ruvc_avgdist_7A,plmp_rna_contact_7A,plmp_rna_coverage_7A,plmp_rna_avgdist_7A,hnh_targetdna_contact_7A,hnh_targetdna_coverage_7A,hnh_targetdna_avgdist_7A,ruvc_nontargetdna_contact_7A,ruvc_nontargetdna_coverage_7A,ruvc_nontargetdna_avgdist_7A,bh_rna_contact_10A,bh_rna_coverage_10A,bh_rna_avgdist_10A,plmp_ruvc_contact_10A,plmp_ruvc_coverage_10A,plmp_ruvc_avgdist_10A,plmp_rna_contact_10A,plmp_rna_coverage_10A,plmp_rna_avgdist_10A,hnh_targetdna_contact_10A,hnh_targetdna_coverage_10A,hnh_targetdna_avgdist_10A,ruvc_nontargetdna_contact_10A,ruvc_nontargetdna_coverage_10A,ruvc_nontargetdna_avgdist_10A,ptm,iptm,ranking_score,has_clash,iptm_protein_targetdna,iptm_protein_nontargetdna,iptm_protein_rna,structure_id,structure_name,composite_score
B,C,D,54,148,38,101,56,11,0.2895,6.23,2,0.037,11.98,3,0.0556,10.63,9,0.0891,10.37,5,0.0338,15.42,31,0.8158,6.23,9,0.1667,11.98,18,0.3333,10.63,24,0.2376,10.37,13,0.0878,15.42,35,0.9211,6.23,23,0.4259,11.98,29,0.537,10.63,57,0.5644,10.37,34,0.2297,15.42,0.58,0.57,0.57,0.0,0.51,0.41,0.57,142,iscb_dna_target_dna_rna_Y_RNA_gpu7_seq215_len202,0.2764
B,C,D,54,148,38,101,56,9,0.2368,6.47,2,0.037,11.99,8,0.1481,10.22,13,0.1287,10.04,4,0.027,15.33,29,0.7632,6.47,8,0.1481,11.99,22,0.4074,10.22,27,0.2673,10.04,11,0.0743,15.33,35,0.9211,6.47,23,0.4259,11.99,32,0.5926,10.22,55,0.5446,10.04,34,0.2297,15.33,0.56,0.53,0.55,0.0,0.48,0.39,0.53,96,iscb_dna_target_dna_rna_Y_RNA_gpu6_seq112_len207,0.272
B,C,D,54,148,38,101,56,15,0.3947,5.78,2,0.037,11.91,12,0.2222,10.41,6,0.0594,10.54,7,0.0473,15.21,31,0.8158,5.78,8,0.1481,11.91,18,0.3333,10.41,22,0.2178,10.54,14,0.0946,15.21,38,1.0,5.78,24,0.4444,11.91,31,0.5741,10.41,46,0.4554,10.54,35,0.2365,15.21,0.56,0.54,0.54,0.0,0.46,0.36,0.54,54,iscb_dna_target_dna_rna_Y_RNA_gpu5_seq1_len224,0.2668
B,C,D,54,148,38,101,56,8,0.2105,5.95,2,0.037,11.85,8,0.1481,10.56,9,0.0891,10.23,6,0.0405,14.48,29,0.7632,5.95,8,0.1481,11.85,17,0.3148,10.56,29,0.2871,10.23,16,0.1081,14.48,38,1.0,5.95,26,0.4815,11.85,27,0.5,10.56,55,0.5446,10.23,37,0.25,14.48,0.55,0.5,0.51,0.0,0.43,0.34,0.49,138,iscb_dna_target_dna_rna_Y_RNA_gpu7_seq142_len203,0.2636
B,C,D,54,148,38,101,56,12,0.3158,5.69,2,0.037,11.93,5,0.0926,9.04,3,0.0297,13.34,8,0.0541,14.57,32,0.8421,5.69,8,0.1481,11.93,21,0.3889,9.04,16,0.1584,13.34,15,0.1014,14.57,38,1.0,5.69,24,0.4444,11.93,40,0.7407,9.04,38,0.3762,13.34,38,0.2568,14.57,0.53,0.48,0.49,0.0,0.4,0.32,0.48,2,iscb_dna_target_dna_rna_Y_RNA_gpu4_seq5_len207,0.2604
B,C,D,54,148,38,101,56,14,0.3684,5.56,2,0.037,11.78,8,0.1481,8.6,4,0.0396,12.84,7,0.0473,14.44,31,0.8158,5.56,10,0.1852,11.78,27,0.5,8.6,11,0.1089,12.84,17,0.1149,14.44,38,1.0,5.56,26,0.4815,11.78,42,0.7778,8.6,33,0.3267,12.84,41,0.277,14.44,0.53,0.43,0.45,0.0,0.36,0.28,0.42,89,iscb_dna_target_dna_rna_Y_RNA_gpu6_seq81_len199,0.2589
B,C,D,54,148,38,101,56,12,0.3158,6.09,2,0.037,11.93,4,0.0741,10.53,11,0.1089,10.06,7,0.0473,14.2,27,0.7105,6.09,9,0.1667,11.93,14,0.2593,10.53,28,0.2772,10.06,16,0.1081,14.2,37,0.9737,6.09,25,0.463,11.93,31,0.5741,10.53,54,0.5347,10.06,43,0.2905,14.2,0.58,0.55,0.57,0.0,0.48,0.42,0.55,102,iscb_dna_target_dna_rna_Y_RNA_gpu6_seq191_len211,0.2577
B,C,D,54,148,38,101,56,9,0.2368,5.87,2,0.037,11.92,1,0.0185,16.32,10,0.099,10.46,5,0.0338,15.32,31,0.8158,5.87,8,0.1481,11.92,3,0.0556,16.32,26,0.2574,10.46,14,0.0946,15.32,38,1.0,5.87,24,0.4444,11.92,8,0.1481,16.32,51,0.505,10.46,36,0.2432,15.32,0.6,0.64,0.64,0.0,0.58,0.56,0.66,148,iscb_dna_target_dna_rna_Y_RNA_gpu7_seq277_len207,0.2572
B,C,D,54,148,38,101,56,8,0.2105,6.41,2,0.037,11.93,8,0.1481,8.46,9,0.0891,10.18,8,0.0541,14.37,22,0.5789,6.41,8,0.1481,11.93,21,0.3889,8.46,30,0.297,10.18,18,0.1216,14.37,38,1.0,6.41,25,0.463,11.93,36,0.6667,8.46,54,0.5347,10.18,41,0.277,14.37,0.59,0.58,0.58,0.0,0.5,0.44,0.59,14,iscb_dna_target_dna_rna_Y_RNA_gpu4_seq62_len213,0.2524
B,C,D,54,148,38,101,56,12,0.3158,5.66,2,0.037,11.89,7,0.1296,10.17,7,0.0693,11.24,7,0.0473,15.68,31,0.8158,5.66,9,0.1667,11.89,17,0.3148,10.17,14,0.1386,11.24,12,0.0811,15.68,38,1.0,5.66,23,0.4259,11.89,31,0.5741,10.17,41,0.4059,11.24,32,0.2162,15.68,0.55,0.54,0.54,0.0,0.46,0.39,0.54,6,iscb_dna_target_dna_rna_Y_RNA_gpu4_seq24_len211,0.2507
B,C,D,54,148,38,101,56,12,0.3158,6.08,2,0.037,11.91,10,0.1852,8.3,10,0.099,10.59,3,0.0203,15.11,29,0.7632,6.08,8,0.1481,11.91,25,0.463,8.3,27,0.2673,10.59,17,0.1149,15.11,37,0.9737,6.08,25,0.463,11.91,42,0.7778,8.3,55,0.5446,10.59,35,0.2365,15.11,0.49,0.32,0.36,0.0,0.26,0.25,0.29,134,iscb_dna_target_dna_rna_Y_RNA_gpu7_seq125_len218,0.2506
B,C,D,54,148,38,101,56,9,0.2368,5.98,2,0.037,11.87,11,0.2037,9.64,6,0.0594,10.41,7,0.0473,14.66,27,0.7105,5.98,8,0.1481,11.87,18,0.3333,9.64,24,0.2376,10.41,16,0.1081,14.66,38,1.0,5.98,26,0.4815,11.87,31,0.5741,9.64,54,0.5347,10.41,41,0.277,14.66,0.55,0.52,0.53,0.0,0.44,0.37,0.52,71,iscb_dna_target_dna_rna_Y_RNA_gpu5_seq294_len200,0.2506
B,C,D,54,148,38,101,56,10,0.2632,6.42,2,0.037,12.09,8,0.1481,10.81,10,0.099,10.83,6,0.0405,14.77,29,0.7632,6.42,8,0.1481,12.09,20,0.3704,10.81,26,0.2574,10.83,15,0.1014,14.77,35,0.9211,6.42,24,0.4444,12.09,30,0.5556,10.81,47,0.4653,10.83,39,0.2635,14.77,0.52,0.39,0.42,0.0,0.33,0.27,0.37,104,iscb_dna_target_dna_rna_Y_RNA_gpu6_seq204_len222,0.248
B,C,D,54,148,38,101,56,11,0.2895,6.25,2,0.037,11.92,7,0.1296,9.64,12,0.1188,10.62,9,0.0608,14.53,26,0.6842,6.25,8,0.1481,11.92,15,0.2778,9.64,26,0.2574,10.62,17,0.1149,14.53,37,0.9737,6.25,24,0.4444,11.92,29,0.537,9.64,50,0.495,10.62,42,0.2838,14.53,0.56,0.54,0.55,0.0,0.47,0.4,0.54,153,iscb_dna_target_dna_rna_Y_RNA_gpu7_seq331_len196,0.247
B,C,D,54,148,38,101,56,15,0.3947,5.7,2,0.037,11.91,5,0.0926,10.82,7,0.0693,11.4,5,0.0338,15.27,30,0.7895,5.7,8,0.1481,11.91,15,0.2778,10.82,15,0.1485,11.4,13,0.0878,15.27,38,1.0,5.7,24,0.4444,11.91,29,0.537,10.82,38,0.3762,11.4,36,0.2432,15.27,0.57,0.56,0.57,0.0,0.5,0.41,0.57,136,iscb_dna_target_dna_rna_Y_RNA_gpu7_seq134_len201,0.2468
B,C,D,54,148,38,101,56,9,0.2368,5.99,2,0.037,11.89,7,0.1296,9.51,10,0.099,10.96,5,0.0338,14.71,28,0.7368,5.99,8,0.1481,11.89,21,0.3889,9.51,27,0.2673,10.96,16,0.1081,14.71,38,1.0,5.99,26,0.4815,11.89,35,0.6481,9.51,48,0.4752,10.96,40,0.2703,14.71,0.5,0.38,0.41,0.0,0.31,0.31,0.36,4,iscb_dna_target_dna_rna_Y_RNA_gpu4_seq11_len224,0.2462
B,C,D,54,148,38,101,56,7,0.1842,6.32,2,0.037,12.16,8,0.1481,10.1,6,0.0594,14.99,5,0.0338,14.17,29,0.7632,6.32,7,0.1296,12.16,18,0.3333,10.1,16,0.1584,14.99,17,0.1149,14.17,38,1.0,6.32,23,0.4259,12.16,28,0.5185,10.1,28,0.2772,14.99,41,0.277,14.17,0.56,0.52,0.53,0.0,0.46,0.4,0.52,36,iscb_dna_target_dna_rna_Y_RNA_gpu4_seq284_len224,0.2461
B,C,D,54,148,38,101,56,8,0.2105,6.28,2,0.037,11.9,9,0.1667,9.73,11,0.1089,10.21,7,0.0473,14.64,24,0.6316,6.28,8,0.1481,11.9,17,0.3148,9.73,28,0.2772,10.21,17,0.1149,14.64,38,1.0,6.28,24,0.4444,11.9,30,0.5556,9.73,56,0.5545,10.21,39,0.2635,14.64,0.59,0.55,0.56,0.0,0.47,0.38,0.56,57,iscb_dna_target_dna_rna_Y_RNA_gpu5_seq30_len191,0.2461
B,C,D,54,148,38,101,56,10,0.2632,5.89,2,0.037,11.97,7,0.1296,8.76,9,0.0891,10.89,7,0.0473,14.64,27,0.7105,5.89,8,0.1481,11.97,21,0.3889,8.76,27,0.2673,10.89,18,0.1216,14.64,38,1.0,5.89,24,0.4444,11.97,39,0.7222,8.76,46,0.4554,10.89,41,0.277,14.64,0.5,0.39,0.42,0.0,0.31,0.26,0.37,82,iscb_dna_target_dna_rna_Y_RNA_gpu6_seq16_len224,0.2454
B,C,D,54,148,38,101,56,16,0.4211,5.48,2,0.037,12.09,10,0.1852,10.22,2,0.0198,13.1,6,0.0405,15.3,31,0.8158,5.48,8,0.1481,12.09,20,0.3704,10.22,12,0.1188,13.1,14,0.0946,15.3,38,1.0,5.48,25,0.463,12.09,30,0.5556,10.22,29,0.2871,13.1,35,0.2365,15.3,0.51,0.47,0.48,0.0,0.39,0.32,0.47,145,iscb_dna_target_dna_rna_Y_RNA_gpu7_seq240_len215,0.244
B,C,D,54,148,38,101,56,11,0.2895,6.12,2,0.037,11.95,7,0.1296,10.46,4,0.0396,12.8,9,0.0608,14.37,28,0.7368,6.12,8,0.1481,11.95,21,0.3889,10.46,12,0.1188,12.8,18,0.1216,14.37,38,1.0,6.12,24,0.4444,11.95,30,0.5556,10.46,37,0.3663,12.8,38,0.2568,14.37,0.54,0.53,0.53,0.0,0.46,0.39,0.53,0,iscb_dna_target_dna_rna_Y_RNA_gpu4_seq3_len224,0.2439
B,C,D,54,148,38,101,56,11,0.2895,6.23,2,0.037,11.98,13,0.2407,7.82,1,0.0099,14.8,6,0.0405,14.94,29,0.7632,6.23,8,0.1481,11.98,29,0.537,7.82,7,0.0693,14.8,15,0.1014,14.94,35,0.9211,6.23,25,0.463,11.98,42,0.7778,7.82,26,0.2574,14.8,37,0.25,14.94,0.52,0.45,0.46,0.0,0.38,0.32,0.44,113,iscb_dna_target_dna_rna_Y_RNA_gpu6_seq322_len201,0.2423
B,C,D,54,148,38,101,56,13,0.3421,5.46,2,0.037,11.91,0,0.0,24.93,9,0.0891,10.63,6,0.0405,14.6,34,0.8947,5.46,8,0.1481,11.91,0,0.0,24.93,24,0.2376,10.63,17,0.1149,14.6,38,1.0,5.46,25,0.463,11.91,0,0.0,24.93,48,0.4752,10.63,38,0.2568,14.6,0.56,0.47,0.49,0.0,0.41,0.36,0.47,98,iscb_dna_target_dna_rna_Y_RNA_gpu6_seq123_len196,0.2423
B,C,D,54,148,38,101,56,9,0.2368,6.45,2,0.037,11.92,9,0.1667,8.35,14,0.1386,10.25,8,0.0541,14.76,27,0.7105,6.45,8,0.1481,11.92,24,0.4444,8.35,25,0.2475,10.25,16,0.1081,14.76,35,0.9211,6.45,24,0.4444,11.92,36,0.6667,8.35,53,0.5248,10.25,40,0.2703,14.76,0.49,0.37,0.39,0.0,0.29,0.25,0.34,40,iscb_dna_target_dna_rna_Y_RNA_gpu4_seq305_len211,0.2408
B,C,D,54,148,38,101,56,14,0.3684,6.05,2,0.037,11.85,11,0.2037,10.14,4,0.0396,11.16,2,0.0135,15.83,28,0.7368,6.05,9,0.1667,11.85,22,0.4074,10.14,17,0.1683,11.16,14,0.0946,15.83,35,0.9211,6.05,26,0.4815,11.85,31,0.5741,10.14,41,0.4059,11.16,33,0.223,15.83,0.52,0.44,0.46,0.0,0.37,0.3,0.44,130,iscb_dna_target_dna_rna_Y_RNA_gpu7_seq92_len206,0.2405
B,C,D,54,148,38,101,56,7,0.1842,6.4,2,0.037,11.95,7,0.1296,10.33,3,0.0297,13.2,7,0.0473,14.3,28,0.7368,6.4,8,0.1481,11.95,19,0.3519,10.33,13,0.1287,13.2,19,0.1284,14.3,37,0.9737,6.4,24,0.4444,11.95,29,0.537,10.33,35,0.3465,13.2,38,0.2568,14.3,0.52,0.5,0.51,0.0,0.43,0.38,0.5,10,iscb_dna_target_dna_rna_Y_RNA_gpu4_seq47_len222,0.2394
B,C,D,54,148,38,101,56,17,0.4474,5.49,2,0.037,11.87,1,0.0185,14.87,6,0.0594,10.77,6,0.0405,14.78,32,0.8421,5.49,8,0.1481,11.87,2,0.037,14.87,22,0.2178,10.77,15,0.1014,14.78,38,1.0,5.49,25,0.463,11.87,11,0.2037,14.87,49,0.4851,10.77,37,0.25,14.78,0.57,0.53,0.54,0.0,0.47,0.38,0.53,105,iscb_dna_target_dna_rna_Y_RNA_gpu6_seq219_len214,0.2388
B,C,D,54,148,38,101,56,13,0.3421,5.98,2,0.037,12.24,14,0.2593,7.84,4,0.0396,14.83,8,0.0541,14.65,29,0.7632,5.98,8,0.1481,12.24,27,0.5,7.84,12,0.1188,14.83,19,0.1284,14.65,37,0.9737,5.98,22,0.4074,12.24,43,0.7963,7.84,23,0.2277,14.83,37,0.25,14.65,0.52,0.35,0.38,0.0,0.3,0.28,0.33,107,iscb_dna_target_dna_rna_Y_RNA_gpu6_seq262_len218,0.2371
B,C,D,54,148,38,101,56,9,0.2368,6.69,2,0.037,11.89,7,0.1296,10.25,8,0.0792,10.53,5,0.0338,14.85,25,0.6579,6.69,9,0.1667,11.89,22,0.4074,10.25,27,0.2673,10.53,16,0.1081,14.85,35,0.9211,6.69,24,0.4444,11.89,31,0.5741,10.25,52,0.5149,10.53,41,0.277,14.85,0.5,0.38,0.41,0.0,0.32,0.27,0.37,149,iscb_dna_target_dna_rna_Y_RNA_gpu7_seq283_len224,0.2362
B,C,D,54,148,38,101,56,9,0.2368,6.01,2,0.037,11.89,4,0.0741,9.33,6,0.0594,11.32,7,0.0473,15.31,26,0.6842,6.01,8,0.1481,11.89,19,0.3519,9.33,18,0.1782,11.32,12,0.0811,15.31,38,1.0,6.01,24,0.4444,11.89,38,0.7037,9.33,42,0.4158,11.32,37,0.25,15.31,0.55,0.54,0.54,0.0,0.47,0.39,0.55,80,iscb_dna_target_dna_rna_Y_RNA_gpu5_seq371_len201,0.2344
B,C,D,54,148,38,101,56,9,0.2368,6.41,2,0.037,11.8,7,0.1296,10.12,2,0.0198,11.76,6,0.0405,15.27,27,0.7105,6.41,8,0.1481,11.8,19,0.3519,10.12,10,0.099,11.76,14,0.0946,15.27,36,0.9474,6.41,25,0.463,11.8,28,0.5185,10.12,35,0.3465,11.76,34,0.2297,15.27,0.59,0.58,0.58,0.0,0.51,0.42,0.59,35,iscb_dna_target_dna_rna_Y_RNA_gpu4_seq275_len190,0.234
B,C,D,54,148,38,101,56,12,0.3158,5.9,2,0.037,11.88,0,0.0,24.6,11,0.1089,10.1,7,0.0473,14.74,27,0.7105,5.9,8,0.1481,11.88,0,0.0,24.6,30,0.297,10.1,17,0.1149,14.74,38,1.0,5.9,26,0.4815,11.88,0,0.0,24.6,55,0.5446,10.1,36,0.2432,14.74,0.61,0.59,0.6,0.0,0.52,0.43,0.6,79,iscb_dna_target_dna_rna_Y_RNA_gpu5_seq351_len186,0.234
B,C,D,54,148,38,101,56,15,0.3947,5.67,2,0.037,11.87,0,0.0,21.71,8,0.0792,10.5,6,0.0405,14.65,31,0.8158,5.67,8,0.1481,11.87,0,0.0,21.71,20,0.198,10.5,19,0.1284,14.65,38,1.0,5.67,26,0.4815,11.87,0,0.0,21.71,50,0.495,10.5,40,0.2703,14.65,0.56,0.55,0.56,0.0,0.48,0.39,0.55,135,iscb_dna_target_dna_rna_Y_RNA_gpu7_seq128_len207,0.2337
B,C,D,54,148,38,101,56,7,0.1842,6.3,2,0.037,11.81,7,0.1296,11.85,11,0.1089,10.44,5,0.0338,14.79,27,0.7105,6.3,8,0.1481,11.81,12,0.2222,11.85,29,0.2871,10.44,16,0.1081,14.79,38,1.0,6.3,27,0.5,11.81,22,0.4074,11.85,53,0.5248,10.44,41,0.277,14.79,0.54,0.4,0.44,0.0,0.34,0.31,0.38,55,iscb_dna_target_dna_rna_Y_RNA_gpu5_seq3_len180,0.2319
B,C,D,54,148,38,101,56,9,0.2368,6.27,2,0.037,11.94,2,0.037,10.83,3,0.0297,13.86,8,0.0541,14.59,28,0.7368,6.27,8,0.1481,11.94,16,0.2963,10.83,9,0.0891,13.86,18,0.1216,14.59,37,0.9737,6.27,24,0.4444,11.94,28,0.5185,10.83,24,0.2376,13.86,41,0.277,14.59,0.53,0.54,0.54,0.0,0.47,0.41,0.53,24,iscb_dna_target_dna_rna_Y_RNA_gpu4_seq133_len220,0.2297
B,C,D,54,148,38,101,56,11,0.2895,6.12,2,0.037,11.98,7,0.1296,10.83,4,0.0396,11.03,4,0.027,15.19,29,0.7632,6.12,8,0.1481,11.98,20,0.3704,10.83,17,0.1683,11.03,15,0.1014,15.19,37,0.9737,6.12,24,0.4444,11.98,29,0.537,10.83,42,0.4158,11.03,38,0.2568,15.19,0.48,0.36,0.39,0.0,0.29,0.26,0.34,106,iscb_dna_target_dna_rna_Y_RNA_gpu6_seq242_len224,0.2288
B,C,D,54,148,38,101,56,5,0.1316,6.73,2,0.037,11.89,13,0.2407,9.83,6,0.0594,11.5,5,0.0338,15.19,25,0.6579,6.73,9,0.1667,11.89,19,0.3519,9.83,19,0.1881,11.5,12,0.0811,15.19,35,0.9211,6.73,23,0.4259,11.89,31,0.5741,9.83,39,0.3861,11.5,36,0.2432,15.19,0.56,0.5,0.51,0.0,0.43,0.38,0.49,133,iscb_dna_target_dna_rna_Y_RNA_gpu7_seq111_len182,0.2286
B,C,D,54,148,38,101,56,8,0.2105,6.4,2,0.037,11.71,4,0.0741,10.77,3,0.0297,12.83,6,0.0405,14.64,27,0.7105,6.4,10,0.1852,11.71,15,0.2778,10.77,14,0.1386,12.83,16,0.1081,14.64,38,1.0,6.4,26,0.4815,11.71,27,0.5,10.77,37,0.3663,12.83,40,0.2703,14.64,0.54,0.5,0.51,0.0,0.43,0.35,0.5,8,iscb_dna_target_dna_rna_Y_RNA_gpu4_seq36_len224,0.2284
B,C,D,54,148,38,101,56,8,0.2105,6.58,2,0.037,11.94,9,0.1667,8.23,9,0.0891,10.65,6,0.0405,14.8,23,0.6053,6.58,8,0.1481,11.94,27,0.5,8.23,25,0.2475,10.65,14,0.0946,14.8,36,0.9474,6.58,24,0.4444,11.94,43,0.7963,8.23,50,0.495,10.65,43,0.2905,14.8,0.5,0.36,0.4,0.0,0.3,0.26,0.34,94,iscb_dna_target_dna_rna_Y_RNA_gpu6_seq103_len213,0.2279
B,C,D,54,148,38,101,56,11,0.2895,6.09,2,0.037,11.81,6,0.1111,11.26,6,0.0594,11.58,6,0.0405,15.33,30,0.7895,6.09,8,0.1481,11.81,17,0.3148,11.26,14,0.1386,11.58,15,0.1014,15.33,35,0.9211,6.09,26,0.4815,11.81,29,0.537,11.26,39,0.3861,11.58,36,0.2432,15.33,0.52,0.4,0.42,0.0,0.33,0.28,0.39,150,iscb_dna_target_dna_rna_Y_RNA_gpu7_seq303_len211,0.2278
B,C,D,54,148,38,101,56,15,0.3947,5.78,2,0.037,12.0,0,0.0,19.21,12,0.1188,11.05,8,0.0541,14.63,33,0.8684,5.78,8,0.1481,12.0,0,0.0,19.21,23,0.2277,11.05,17,0.1149,14.63,37,0.9737,5.78,24,0.4444,12.0,1,0.0185,19.21,47,0.4653,11.05,38,0.2568,14.63,0.52,0.39,0.44,0.0,0.32,0.3,0.36,18,iscb_dna_target_dna_rna_Y_RNA_gpu4_seq96_len219,0.2278
B,C,D,54,148,38,101,56,14,0.3684,6.08,2,0.037,11.81,6,0.1111,11.47,6,0.0594,13.22,5,0.0338,15.42,29,0.7632,6.08,10,0.1852,11.81,12,0.2222,11.47,14,0.1386,13.22,13,0.0878,15.42,37,0.9737,6.08,26,0.4815,11.81,27,0.5,11.47,31,0.3069,13.22,36,0.2432,15.42,0.54,0.49,0.5,0.0,0.44,0.36,0.49,5,iscb_dna_target_dna_rna_Y_RNA_gpu4_seq14_len201,0.2271
B,C,D,54,148,38,101,56,9,0.2368,6.4,2,0.037,11.95,12,0.2222,8.99,7,0.0693,11.06,4,0.027,15.37,27,0.7105,6.4,8,0.1481,11.95,22,0.4074,8.99,18,0.1782,11.06,15,0.1014,15.37,37,0.9737,6.4,24,0.4444,11.95,34,0.6296,8.99,40,0.396,11.06,34,0.2297,15.37,0.49,0.37,0.4,0.0,0.3,0.29,0.35,112,iscb_dna_target_dna_rna_Y_RNA_gpu6_seq321_len224,0.2267
B,C,D,54,148,38,101,56,12,0.3158,6.23,2,0.037,11.86,8,0.1481,9.83,2,0.0198,14.41,8,0.0541,14.47,27,0.7105,6.23,8,0.1481,11.86,21,0.3889,9.83,10,0.099,14.41,19,0.1284,14.47,36,0.9474,6.23,26,0.4815,11.86,32,0.5926,9.83,23,0.2277,14.41,39,0.2635,14.47,0.52,0.44,0.46,0.0,0.37,0.32,0.42,31,iscb_dna_target_dna_rna_Y_RNA_gpu4_seq248_len192,0.2258
B,C,D,54,148,38,101,56,9,0.2368,6.4,2,0.037,11.91,6,0.1111,11.36,10,0.099,10.43,5,0.0338,15.14,26,0.6842,6.4,9,0.1667,11.91,18,0.3333,11.36,25,0.2475,10.43,15,0.1014,15.14,37,0.9737,6.4,24,0.4444,11.91,27,0.5,11.36,53,0.5248,10.43,34,0.2297,15.14,0.49,0.36,0.39,0.0,0.29,0.28,0.34,64,iscb_dna_target_dna_rna_Y_RNA_gpu5_seq137_len220,0.2256
B,C,D,54,148,38,101,56,9,0.2368,6.09,2,0.037,11.89,0,0.0,20.45,10,0.099,10.62,7,0.0473,14.4,29,0.7632,6.09,8,0.1481,11.89,0,0.0,20.45,28,0.2772,10.62,19,0.1284,14.4,37,0.9737,6.09,24,0.4444,11.89,0,0.0,20.45,49,0.4851,10.62,41,0.277,14.4,0.55,0.45,0.47,0.0,0.38,0.37,0.44,83,iscb_dna_target_dna_rna_Y_RNA_gpu6_seq19_len179,0.2236
B,C,D,54,148,38,101,56,8,0.2105,6.47,2,0.037,11.94,7,0.1296,9.71,10,0.099,10.37,6,0.0405,15.04,22,0.5789,6.47,8,0.1481,11.94,17,0.3148,9.71,27,0.2673,10.37,13,0.0878,15.04,37,0.9737,6.47,23,0.4259,11.94,35,0.6481,9.71,52,0.5149,10.37,36,0.2432,15.04,0.56,0.5,0.52,0.0,0.43,0.38,0.5,95,iscb_dna_target_dna_rna_Y_RNA_gpu6_seq109_len211,0.2235
B,C,D,54,148,38,101,56,10,0.2632,6.05,2,0.037,11.96,12,0.2222,10.29,9,0.0891,10.68,0,0.0,16.13,27,0.7105,6.05,8,0.1481,11.96,19,0.3519,10.29,25,0.2475,10.68,10,0.0676,16.13,38,1.0,6.05,25,0.463,11.96,32,0.5926,10.29,50,0.495,10.68,31,0.2095,16.13,0.49,0.35,0.38,0.0,0.28,0.23,0.32,28,iscb_dna_target_dna_rna_Y_RNA_gpu4_seq186_len223,0.2232
B,C,D,54,148,38,101,56,5,0.1316,7.14,2,0.037,11.89,6,0.1111,10.5,11,0.1089,10.53,6,0.0405,14.47,23,0.6053,7.14,8,0.1481,11.89,17,0.3148,10.5,29,0.2871,10.53,16,0.1081,14.47,33,0.8684,7.14,26,0.4815,11.89,28,0.5185,10.5,52,0.5149,10.53,41,0.277,14.47,0.51,0.41,0.44,0.0,0.34,0.31,0.4,101,iscb_dna_target_dna_rna_Y_RNA_gpu6_seq168_len224,0.223
B,C,D,54,148,38,101,56,7,0.1842,6.6,2,0.037,12.06,7,0.1296,10.16,6,0.0594,10.83,7,0.0473,14.74,26,0.6842,6.6,7,0.1296,12.06,18,0.3333,10.16,17,0.1683,10.83,15,0.1014,14.74,36,0.9474,6.6,24,0.4444,12.06,31,0.5741,10.16,44,0.4356,10.83,37,0.25,14.74,0.54,0.47,0.48,0.0,0.41,0.37,0.46,129,iscb_dna_target_dna_rna_Y_RNA_gpu7_seq91_len211,0.2229
B,C,D,54,148,38,101,56,10,0.2632,6.91,2,0.037,11.87,3,0.0556,14.81,10,0.099,10.05,8,0.0541,14.58,24,0.6316,6.91,8,0.1481,11.87,5,0.0926,14.81,28,0.2772,10.05,17,0.1149,14.58,34,0.8947,6.91,26,0.4815,11.87,11,0.2037,14.81,56,0.5545,10.05,39,0.2635,14.58,0.6,0.56,0.57,0.0,0.5,0.41,0.57,60,iscb_dna_target_dna_rna_Y_RNA_gpu5_seq54_len181,0.2215
B,C,D,54,148,38,101,56,15,0.3947,5.54,2,0.037,11.84,4,0.0741,10.3,0,0.0,13.57,7,0.0473,14.38,32,0.8421,5.54,9,0.1667,11.84,12,0.2222,10.3,7,0.0693,13.57,20,0.1351,14.38,38,1.0,5.54,25,0.463,11.84,29,0.537,10.3,25,0.2475,13.57,40,0.2703,14.38,0.51,0.37,0.4,0.0,0.3,0.28,0.35,110,iscb_dna_target_dna_rna_Y_RNA_gpu6_seq291_len217,0.2204
B,C,D,54,148,38,101,56,12,0.3158,5.69,2,0.037,12.03,5,0.0926,10.23,3,0.0297,13.43,6,0.0405,14.81,32,0.8421,5.69,7,0.1296,12.03,16,0.2963,10.23,8,0.0792,13.43,16,0.1081,14.81,38,1.0,5.69,24,0.4444,12.03,32,0.5926,10.23,22,0.2178,13.43,36,0.2432,14.81,0.49,0.36,0.39,0.0,0.29,0.26,0.34,155,iscb_dna_target_dna_rna_Y_RNA_gpu7_seq348_len218,0.22
B,C,D,54,148,38,101,56,10,0.2632,5.94,2,0.037,11.85,8,0.1481,9.26,3,0.0297,14.57,9,0.0608,14.71,31,0.8158,5.94,9,0.1667,11.85,19,0.3519,9.26,10,0.099,14.57,14,0.0946,14.71,38,1.0,5.94,24,0.4444,11.85,33,0.6111,9.26,33,0.3267,14.57,39,0.2635,14.71,0.48,0.32,0.35,0.0,0.26,0.26,0.29,13,iscb_dna_target_dna_rna_Y_RNA_gpu4_seq60_len224,0.2196
B,C,D,54,148,38,101,56,8,0.2105,6.5,2,0.037,11.88,7,0.1296,11.14,12,0.1188,10.5,7,0.0473,14.62,24,0.6316,6.5,8,0.1481,11.88,12,0.2222,11.14,28,0.2772,10.5,18,0.1216,14.62,36,0.9474,6.5,26,0.4815,11.88,24,0.4444,11.14,53,0.5248,10.5,39,0.2635,14.62,0.53,0.41,0.44,0.0,0.36,0.31,0.4,78,iscb_dna_target_dna_rna_Y_RNA_gpu5_seq348_len205,0.2183
B,C,D,54,148,38,101,56,8,0.2105,6.36,2,0.037,11.9,8,0.1481,10.12,4,0.0396,11.43,2,0.0135,15.57,25,0.6579,6.36,8,0.1481,11.9,19,0.3519,10.12,14,0.1386,11.43,13,0.0878,15.57,38,1.0,6.36,24,0.4444,11.9,31,0.5741,10.12,37,0.3663,11.43,34,0.2297,15.57,0.55,0.49,0.5,0.0,0.41,0.37,0.48,69,iscb_dna_target_dna_rna_Y_RNA_gpu5_seq276_len208,0.2178
B,C,D,54,148,38,101,56,10,0.2632,5.92,2,0.037,11.95,7,0.1296,9.36,0,0.0,15.05,6,0.0405,15.4,30,0.7895,5.92,8,0.1481,11.95,18,0.3333,9.36,1,0.0099,15.05,14,0.0946,15.4,38,1.0,5.92,24,0.4444,11.95,34,0.6296,9.36,12,0.1188,15.05,32,0.2162,15.4,0.52,0.45,0.47,0.0,0.37,0.3,0.45,9,iscb_dna_target_dna_rna_Y_RNA_gpu4_seq42_len201,0.2154
B,C,D,54,148,38,101,56,10,0.2632,6.58,2,0.037,11.94,3,0.0556,11.35,10,0.099,10.74,6,0.0405,14.87,25,0.6579,6.58,8,0.1481,11.94,13,0.2407,11.35,27,0.2673,10.74,16,0.1081,14.87,35,0.9211,6.58,24,0.4444,11.94,24,0.4444,11.35,50,0.495,10.74,36,0.2432,14.87,0.49,0.37,0.4,0.0,0.31,0.28,0.35,75,iscb_dna_target_dna_rna_Y_RNA_gpu5_seq318_len214,0.2151
B,C,D,54,148,38,101,56,11,0.2895,6.26,2,0.037,11.88,11,0.2037,8.96,4,0.0396,13.97,4,0.027,14.63,26,0.6842,6.26,8,0.1481,11.88,22,0.4074,8.96,11,0.1089,13.97,17,0.1149,14.63,37,0.9737,6.26,26,0.4815,11.88,35,0.6481,8.96,33,0.3267,13.97,41,0.277,14.63,0.52,0.39,0.41,0.0,0.32,0.29,0.37,45,iscb_dna_target_dna_rna_Y_RNA_gpu4_seq352_len196,0.2148
B,C,D,54,148,38,101,56,10,0.2632,6.66,2,0.037,11.93,1,0.0185,14.34,10,0.099,10.41,2,0.0135,15.38,26,0.6842,6.66,8,0.1481,11.93,3,0.0556,14.34,27,0.2673,10.41,10,0.0676,15.38,35,0.9211,6.66,25,0.463,11.93,11,0.2037,14.34,52,0.5149,10.41,36,0.2432,15.38,0.54,0.54,0.55,0.0,0.48,0.39,0.54,68,iscb_dna_target_dna_rna_Y_RNA_gpu5_seq214_len217,0.2146
B,C,D,54,148,38,101,56,7,0.1842,7.09,2,0.037,11.89,7,0.1296,9.23,10,0.099,10.36,7,0.0473,14.79,22,0.5789,7.09,8,0.1481,11.89,19,0.3519,9.23,28,0.2772,10.36,16,0.1081,14.79,32,0.8421,7.09,25,0.463,11.89,32,0.5926,9.23,55,0.5446,10.36,36,0.2432,14.79,0.51,0.37,0.4,0.0,0.31,0.3,0.35,97,iscb_dna_target_dna_rna_Y_RNA_gpu6_seq113_len196,0.2145
B,C,D,54,148,38,101,56,7,0.1842,7.05,2,0.037,11.85,6,0.1111,10.47,13,0.1287,10.66,8,0.0541,15.34,23,0.6053,7.05,9,0.1667,11.85,18,0.3333,10.47,27,0.2673,10.66,16,0.1081,15.34,35,0.9211,7.05,27,0.5,11.85,31,0.5741,10.47,48,0.4752,10.66,35,0.2365,15.34,0.48,0.35,0.38,0.0,0.3,0.26,0.33,47,iscb_dna_target_dna_rna_Y_RNA_gpu4_seq363_len222,0.2144
B,C,D,54,148,38,101,56,8,0.2105,6.36,2,0.037,12.0,7,0.1296,11.65,1,0.0099,12.7,9,0.0608,14.5,27,0.7105,6.36,7,0.1296,12.0,14,0.2593,11.65,10,0.099,12.7,18,0.1216,14.5,36,0.9474,6.36,24,0.4444,12.0,27,0.5,11.65,30,0.297,12.7,44,0.2973,14.5,0.53,0.49,0.5,0.0,0.4,0.36,0.48,99,iscb_dna_target_dna_rna_Y_RNA_gpu6_seq133_len216,0.2142
B,C,D,54,148,38,101,56,11,0.2895,6.23,2,0.037,11.89,0,0.0,18.83,10,0.099,10.36,3,0.0203,14.97,28,0.7368,6.23,8,0.1481,11.89,0,0.0,18.83,21,0.2079,10.36,15,0.1014,14.97,35,0.9211,6.23,24,0.4444,11.89,2,0.037,18.83,53,0.5248,10.36,38,0.2568,14.97,0.57,0.54,0.55,0.0,0.47,0.37,0.54,63,iscb_dna_target_dna_rna_Y_RNA_gpu5_seq113_len219,0.2139
B,C,D,54,148,38,101,56,6,0.1579,6.31,2,0.037,11.83,11,0.2037,10.09,4,0.0396,11.18,7,0.0473,15.02,26,0.6842,6.31,9,0.1667,11.83,23,0.4259,10.09,13,0.1287,11.18,11,0.0743,15.02,38,1.0,6.31,27,0.5,11.83,31,0.5741,10.09,40,0.396,11.18,38,0.2568,15.02,0.53,0.37,0.4,0.0,0.3,0.28,0.34,111,iscb_dna_target_dna_rna_Y_RNA_gpu6_seq300_len189,0.2139
B,C,D,54,148,38,101,56,11,0.2895,6.43,2,0.037,11.95,0,0.0,19.83,10,0.099,10.42,6,0.0405,15.26,29,0.7632,6.43,8,0.1481,11.95,0,0.0,19.83,25,0.2475,10.42,16,0.1081,15.26,35,0.9211,6.43,24,0.4444,11.95,2,0.037,19.83,52,0.5149,10.42,33,0.223,15.26,0.52,0.44,0.46,0.0,0.37,0.29,0.43,56,iscb_dna_target_dna_rna_Y_RNA_gpu5_seq21_len211,0.2139
B,C,D,54,148,38,101,56,9,0.2368,6.76,2,0.037,11.89,10,0.1852,9.97,4,0.0396,11.42,8,0.0541,14.49,22,0.5789,6.76,9,0.1667,11.89,19,0.3519,9.97,17,0.1683,11.42,15,0.1014,14.49,35,0.9211,6.76,23,0.4259,11.89,30,0.5556,9.97,43,0.4257,11.42,41,0.277,14.49,0.55,0.5,0.51,0.0,0.43,0.37,0.5,21,iscb_dna_target_dna_rna_Y_RNA_gpu4_seq116_len192,0.2138
B,C,D,54,148,38,101,56,10,0.2632,6.02,2,0.037,12.01,0,0.0,24.59,6,0.0594,10.45,6,0.0405,15.3,28,0.7368,6.02,7,0.1296,12.01,0,0.0,24.59,24,0.2376,10.45,17,0.1149,15.3,38,1.0,6.02,24,0.4444,12.01,0,0.0,24.59,53,0.5248,10.45,33,0.223,15.3,0.54,0.5,0.51,0.0,0.45,0.38,0.49,74,iscb_dna_target_dna_rna_Y_RNA_gpu5_seq306_len217,0.2136
B,C,D,54,148,38,101,56,8,0.2105,6.34,2,0.037,11.82,10,0.1852,9.81,3,0.0297,13.17,0,0.0,16.95,29,0.7632,6.34,8,0.1481,11.82,20,0.3704,9.81,12,0.1188,13.17,5,0.0338,16.95,35,0.9211,6.34,26,0.4815,11.82,30,0.5556,9.81,34,0.3366,13.17,26,0.1757,16.95,0.49,0.38,0.41,0.0,0.31,0.26,0.37,132,iscb_dna_target_dna_rna_Y_RNA_gpu7_seq109_len224,0.2136
B,C,D,54,148,38,101,56,8,0.2105,6.7,2,0.037,12.08,6,0.1111,9.11,6,0.0594,16.49,8,0.0541,13.75,25,0.6579,6.7,8,0.1481,12.08,21,0.3889,9.11,9,0.0891,16.49,23,0.1554,13.75,36,0.9474,6.7,24,0.4444,12.08,39,0.7222,9.11,17,0.1683,16.49,46,0.3108,13.75,0.5,0.4,0.42,0.0,0.32,0.33,0.38,118,iscb_dna_target_dna_rna_Y_RNA_gpu6_seq373_len224,0.213
B,C,D,54,148,38,101,56,9,0.2368,6.25,2,0.037,11.97,5,0.0926,10.18,4,0.0396,14.16,7,0.0473,14.65,26,0.6842,6.25,8,0.1481,11.97,13,0.2407,10.18,14,0.1386,14.16,14,0.0946,14.65,37,0.9737,6.25,24,0.4444,11.97,31,0.5741,10.18,35,0.3465,14.16,41,0.277,14.65,0.53,0.51,0.51,0.0,0.42,0.34,0.5,88,iscb_dna_target_dna_rna_Y_RNA_gpu6_seq77_len204,0.2128
B,C,D,54,148,38,101,56,9,0.2368,6.16,2,0.037,11.86,5,0.0926,10.33,5,0.0495,11.63,6,0.0405,14.84,28,0.7368,6.16,8,0.1481,11.86,12,0.2222,10.33,14,0.1386,11.63,16,0.1081,14.84,37,0.9737,6.16,25,0.463,11.86,33,0.6111,10.33,38,0.3762,11.63,36,0.2432,14.84,0.52,0.42,0.44,0.0,0.34,0.31,0.41,157,iscb_dna_target_dna_rna_Y_RNA_gpu7_seq378_len223,0.2126
B,C,D,54,148,38,101,56,10,0.2632,6.76,2,0.037,11.93,11,0.2037,9.37,1,0.0099,13.42,7,0.0473,15.0,24,0.6316,6.76,8,0.1481,11.93,20,0.3704,9.37,9,0.0891,13.42,15,0.1014,15.0,35,0.9211,6.76,25,0.463,11.93,33,0.6111,9.37,23,0.2277,13.42,37,0.25,15.0,0.54,0.51,0.52,0.0,0.44,0.39,0.51,91,iscb_dna_target_dna_rna_Y_RNA_gpu6_seq95_len212,0.2117
B,C,D,54,148,38,101,56,12,0.3158,6.55,2,0.037,11.87,5,0.0926,11.28,5,0.0495,11.48,5,0.0338,15.51,25,0.6579,6.55,9,0.1667,11.87,16,0.2963,11.28,19,0.1881,11.48,13,0.0878,15.51,32,0.8421,6.55,24,0.4444,11.87,29,0.537,11.28,41,0.4059,11.48,32,0.2162,15.51,0.51,0.41,0.43,0.0,0.33,0.31,0.39,92,iscb_dna_target_dna_rna_Y_RNA_gpu6_seq100_len207,0.2116
B,C,D,54,148,38,101,56,11,0.2895,6.36,2,0.037,11.84,4,0.0741,9.43,6,0.0594,17.9,0,0.0,15.37,25,0.6579,6.36,9,0.1667,11.84,14,0.2593,9.43,12,0.1188,17.9,13,0.0878,15.37,36,0.9474,6.36,26,0.4815,11.84,33,0.6111,9.43,23,0.2277,17.9,39,0.2635,15.37,0.56,0.54,0.54,0.0,0.49,0.41,0.54,76,iscb_dna_target_dna_rna_Y_RNA_gpu5_seq325_len224,0.2116
B,C,D,54,148,38,101,56,8,0.2105,6.64,2,0.037,11.94,10,0.1852,8.44,3,0.0297,11.4,5,0.0338,15.47,25,0.6579,6.64,8,0.1481,11.94,20,0.3704,8.44,14,0.1386,11.4,12,0.0811,15.47,35,0.9211,6.64,25,0.463,11.94,39,0.7222,8.44,44,0.4356,11.4,33,0.223,15.47,0.52,0.43,0.45,0.0,0.36,0.32,0.41,156,iscb_dna_target_dna_rna_Y_RNA_gpu7_seq367_len224,0.2115
B,C,D,54,148,38,101,56,8,0.2105,6.67,2,0.037,11.95,8,0.1481,9.78,4,0.0396,12.37,7,0.0473,14.76,27,0.7105,6.67,8,0.1481,11.95,20,0.3704,9.78,11,0.1089,12.37,13,0.0878,14.76,35,0.9211,6.67,24,0.4444,11.95,33,0.6111,9.78,30,0.297,12.37,37,0.25,14.76,0.51,0.38,0.41,0.0,0.31,0.31,0.37,39,iscb_dna_target_dna_rna_Y_RNA_gpu4_seq293_len214,0.2113
B,C,D,54,148,38,101,56,7,0.1842,6.65,2,0.037,11.87,0,0.0,20.29,12,0.1188,10.02,7,0.0473,14.65,23,0.6053,6.65,8,0.1481,11.87,0,0.0,20.29,28,0.2772,10.02,17,0.1149,14.65,37,0.9737,6.65,24,0.4444,11.87,0,0.0,20.29,55,0.5446,10.02,42,0.2838,14.65,0.63,0.59,0.6,0.0,0.53,0.43,0.6,20,iscb_dna_target_dna_rna_Y_RNA_gpu4_seq112_len186,0.2094
B,C,D,54,148,38,101,56,8,0.2105,6.2,2,0.037,12.11,4,0.0741,9.56,3,0.0297,13.99,3,0.0203,15.69,30,0.7895,6.2,7,0.1296,12.11,15,0.2778,9.56,14,0.1386,13.99,13,0.0878,15.69,37,0.9737,6.2,23,0.4259,12.11,35,0.6481,9.56,28,0.2772,13.99,30,0.2027,15.69,0.47,0.32,0.35,0.0,0.26,0.23,0.3,58,iscb_dna_target_dna_rna_Y_RNA_gpu5_seq44_len213,0.2089
B,C,D,54,148,38,101,56,14,0.3684,5.96,2,0.037,12.11,7,0.1296,12.83,6,0.0594,16.13,5,0.0338,14.39,29,0.7632,5.96,7,0.1296,12.11,11,0.2037,12.83,10,0.099,16.13,19,0.1284,14.39,37,0.9737,5.96,24,0.4444,12.11,21,0.3889,12.83,20,0.198,16.13,41,0.277,14.39,0.51,0.41,0.43,0.0,0.36,0.32,0.4,53,iscb_dna_target_dna_rna_Y_RNA_gpu4_seq396_len211,0.2088
B,C,D,54,148,38,101,56,12,0.3158,6.16,2,0.037,11.86,5,0.0926,9.51,2,0.0198,12.81,3,0.0203,15.95,30,0.7895,6.16,9,0.1667,11.86,15,0.2778,9.51,10,0.099,12.81,12,0.0811,15.95,37,0.9737,6.16,25,0.463,11.86,32,0.5926,9.51,28,0.2772,12.81,29,0.1959,15.95,0.5,0.34,0.37,0.0,0.27,0.23,0.32,62,iscb_dna_target_dna_rna_Y_RNA_gpu5_seq109_len210,0.2086
B,C,D,54,148,38,101,56,10,0.2632,6.15,2,0.037,11.93,0,0.0,20.9,10,0.099,10.59,9,0.0608,15.02,30,0.7895,6.15,8,0.1481,11.93,0,0.0,20.9,24,0.2376,10.59,15,0.1014,15.02,38,1.0,6.15,24,0.4444,11.93,0,0.0,20.9,51,0.505,10.59,37,0.25,15.02,0.49,0.39,0.41,0.0,0.33,0.27,0.37,59,iscb_dna_target_dna_rna_Y_RNA_gpu5_seq49_len224,0.2086
B,C,D,54,148,38,101,56,7,0.1842,6.23,2,0.037,11.92,0,0.0,21.3,11,0.1089,10.86,4,0.027,15.06,28,0.7368,6.23,8,0.1481,11.92,0,0.0,21.3,28,0.2772,10.86,16,0.1081,15.06,37,0.9737,6.23,24,0.4444,11.92,0,0.0,21.3,48,0.4752,10.86,39,0.2635,15.06,0.53,0.39,0.42,0.0,0.33,0.29,0.37,123,iscb_dna_target_dna_rna_Y_RNA_gpu7_seq2_len219,0.2081
B,C,D,54,148,38,101,56,10,0.2632,6.44,2,0.037,11.91,3,0.0556,11.01,6,0.0594,10.7,7,0.0473,15.16,23,0.6053,6.44,8,0.1481,11.91,9,0.1667,11.01,24,0.2376,10.7,13,0.0878,15.16,36,0.9474,6.44,24,0.4444,11.91,24,0.4444,11.01,47,0.4653,10.7,36,0.2432,15.16,0.54,0.53,0.53,0.0,0.45,0.36,0.54,116,iscb_dna_target_dna_rna_Y_RNA_gpu6_seq366_len224,0.2079
B,C,D,54,148,38,101,56,11,0.2895,6.09,2,0.037,11.85,0,0.0,26.79,12,0.1188,10.63,7,0.0473,14.93,29,0.7632,6.09,9,0.1667,11.85,0,0.0,26.79,27,0.2673,10.63,16,0.1081,14.93,37,0.9737,6.09,26,0.4815,11.85,0,0.0,26.79,52,0.5149,10.63,36,0.2432,14.93,0.51,0.35,0.38,0.0,0.29,0.26,0.33,90,iscb_dna_target_dna_rna_Y_RNA_gpu6_seq87_len185,0.2072
B,C,D,54,148,38,101,56,8,0.2105,6.56,2,0.037,11.87,0,0.0,25.13,5,0.0495,10.25,5,0.0338,14.59,25,0.6579,6.56,8,0.1481,11.87,0,0.0,25.13,25,0.2475,10.25,15,0.1014,14.59,37,0.9737,6.56,26,0.4815,11.87,0,0.0,25.13,57,0.5644,10.25,40,0.2703,14.59,0.58,0.54,0.56,0.0,0.47,0.38,0.55,77,iscb_dna_target_dna_rna_Y_RNA_gpu5_seq345_len190,0.2069
B,C,D,54,148,38,101,56,11,0.2895,6.08,2,0.037,12.03,6,0.1111,11.62,3,0.0297,12.63,4,0.027,15.41,29,0.7632,6.08,8,0.1481,12.03,13,0.2407,11.62,11,0.1089,12.63,14,0.0946,15.41,37,0.9737,6.08,23,0.4259,12.03,24,0.4444,11.62,31,0.3069,12.63,32,0.2162,15.41,0.47,0.36,0.38,0.0,0.28,0.23,0.33,48,iscb_dna_target_dna_rna_Y_RNA_gpu4_seq365_len217,0.2035
B,C,D,54,148,38,101,56,7,0.1842,6.23,2,0.037,12.13,1,0.0185,14.27,2,0.0198,17.49,8,0.0541,14.42,30,0.7895,6.23,8,0.1481,12.13,4,0.0741,14.27,10,0.099,17.49,19,0.1284,14.42,37,0.9737,6.23,25,0.463,12.13,10,0.1852,14.27,15,0.1485,17.49,40,0.2703,14.42,0.51,0.42,0.44,0.0,0.35,0.28,0.42,120,iscb_dna_target_dna_rna_Y_RNA_gpu6_seq384_len215,0.2029
B,C,D,54,148,38,101,56,8,0.2105,6.67,2,0.037,11.91,12,0.2222,9.97,0,0.0,13.94,5,0.0338,14.73,23,0.6053,6.67,8,0.1481,11.91,20,0.3704,9.97,10,0.099,13.94,16,0.1081,14.73,37,0.9737,6.67,26,0.4815,11.91,30,0.5556,9.97,20,0.198,13.94,36,0.2432,14.73,0.52,0.44,0.46,0.0,0.37,0.29,0.44,46,iscb_dna_target_dna_rna_Y_RNA_gpu4_seq358_len220,0.2013
B,C,D,54,148,38,101,56,8,0.2105,6.69,2,0.037,11.87,0,0.0,20.82,10,0.099,9.97,3,0.0203,15.05,22,0.5789,6.69,8,0.1481,11.87,0,0.0,20.82,27,0.2673,9.97,14,0.0946,15.05,36,0.9474,6.69,25,0.463,11.87,0,0.0,20.82,56,0.5545,9.97,39,0.2635,15.05,0.62,0.62,0.62,0.0,0.54,0.46,0.63,33,iscb_dna_target_dna_rna_Y_RNA_gpu4_seq268_len213,0.2012
B,C,D,54,148,38,101,56,13,0.3421,5.83,2,0.037,11.97,0,0.0,16.43,4,0.0396,12.07,8,0.0541,14.91,30,0.7895,5.83,7,0.1296,11.97,0,0.0,16.43,12,0.1188,12.07,16,0.1081,14.91,37,0.9737,5.83,24,0.4444,11.97,7,0.1296,16.43,33,0.3267,12.07,38,0.2568,14.91,0.54,0.48,0.5,0.0,0.4,0.36,0.48,128,iscb_dna_target_dna_rna_Y_RNA_gpu7_seq59_len212,0.2009
B,C,D,54,148,38,101,56,11,0.2895,5.9,2,0.037,11.9,5,0.0926,11.13,3,0.0297,16.66,8,0.0541,14.4,27,0.7105,5.9,8,0.1481,11.9,10,0.1852,11.13,10,0.099,16.66,17,0.1149,14.4,38,1.0,5.9,25,0.463,11.9,22,0.4074,11.13,18,0.1782,16.66,43,0.2905,14.4,0.51,0.44,0.45,0.0,0.36,0.32,0.43,103,iscb_dna_target_dna_rna_Y_RNA_gpu6_seq197_len224,0.1999
B,C,D,54,148,38,101,56,12,0.3158,6.55,2,0.037,11.89,3,0.0556,12.9,7,0.0693,14.49,3,0.0203,14.09,26,0.6842,6.55,8,0.1481,11.89,6,0.1111,12.9,14,0.1386,14.49,16,0.1081,14.09,35,0.9211,6.55,26,0.4815,11.89,19,0.3519,12.9,29,0.2871,14.49,44,0.2973,14.09,0.54,0.49,0.5,0.0,0.43,0.38,0.48,42,iscb_dna_target_dna_rna_Y_RNA_gpu4_seq336_len202,0.1991
B,C,D,54,148,38,101,56,10,0.2632,6.13,2,0.037,12.24,6,0.1111,9.47,5,0.0495,18.49,10,0.0676,14.51,28,0.7368,6.13,7,0.1296,12.24,17,0.3148,9.47,8,0.0792,18.49,17,0.1149,14.51,37,0.9737,6.13,21,0.3889,12.24,32,0.5926,9.47,18,0.1782,18.49,41,0.277,14.51,0.47,0.32,0.35,0.0,0.26,0.24,0.29,3,iscb_dna_target_dna_rna_Y_RNA_gpu4_seq10_len224,0.1988
B,C,D,54,148,38,101,56,6,0.1579,7.01,2,0.037,11.86,0,0.0,18.39,8,0.0792,10.49,7,0.0473,14.63,22,0.5789,7.01,8,0.1481,11.86,0,0.0,18.39,26,0.2574,10.49,18,0.1216,14.63,35,0.9211,7.01,26,0.4815,11.86,2,0.037,18.39,51,0.505,10.49,39,0.2635,14.63,0.57,0.56,0.57,0.0,0.5,0.4,0.57,50,iscb_dna_target_dna_rna_Y_RNA_gpu4_seq374_len199,0.198
B,C,D,54,148,38,101,56,8,0.2105,6.36,2,0.037,11.9,9,0.1667,10.42,3,0.0297,14.63,3,0.0203,16.31,28,0.7368,6.36,9,0.1667,11.9,18,0.3333,10.42,14,0.1386,14.63,10,0.0676,16.31,36,0.9474,6.36,25,0.463,11.9,31,0.5741,10.42,34,0.3366,14.63,30,0.2027,16.31,0.47,0.24,0.29,0.0,0.17,0.14,0.21,87,iscb_dna_target_dna_rna_Y_RNA_gpu6_seq73_len224,0.1971
B,C,D,54,148,38,101,56,14,0.3684,5.82,2,0.037,11.86,0,0.0,22.24,3,0.0297,11.84,7,0.0473,14.93,28,0.7368,5.82,8,0.1481,11.86,0,0.0,22.24,16,0.1584,11.84,12,0.0811,14.93,38,1.0,5.82,26,0.4815,11.86,0,0.0,22.24,40,0.396,11.84,38,0.2568,14.93,0.54,0.49,0.5,0.0,0.4,0.36,0.48,67,iscb_dna_target_dna_rna_Y_RNA_gpu5_seq190_len190,0.1952
B,C,D,54,148,38,101,56,8,0.2105,6.5,2,0.037,11.88,8,0.1481,9.63,5,0.0495,11.04,3,0.0203,15.04,23,0.6053,6.5,8,0.1481,11.88,17,0.3148,9.63,19,0.1881,11.04,14,0.0946,15.04,37,0.9737,6.5,25,0.463,11.88,32,0.5926,9.63,47,0.4653,11.04,35,0.2365,15.04,0.49,0.34,0.37,0.0,0.28,0.27,0.32,81,iscb_dna_target_dna_rna_Y_RNA_gpu5_seq381_len216,0.1948
B,C,D,54,148,38,101,56,12,0.3158,5.87,2,0.037,11.94,0,0.0,24.36,5,0.0495,12.86,4,0.027,15.28,31,0.8158,5.87,8,0.1481,11.94,0,0.0,24.36,9,0.0891,12.86,10,0.0676,15.28,36,0.9474,5.87,23,0.4259,11.94,0,0.0,24.36,30,0.297,12.86,29,0.1959,15.28,0.53,0.47,0.48,0.0,0.4,0.33,0.47,147,iscb_dna_target_dna_rna_Y_RNA_gpu7_seq260_len222,0.1935
B,C,D,54,148,38,101,56,6,0.1579,6.44,2,0.037,11.84,0,0.0,20.85,9,0.0891,10.95,6,0.0405,15.14,27,0.7105,6.44,9,0.1667,11.84,0,0.0,20.85,21,0.2079,10.95,15,0.1014,15.14,37,0.9737,6.44,26,0.4815,11.84,0,0.0,20.85,51,0.505,10.95,34,0.2297,15.14,0.52,0.4,0.42,0.0,0.34,0.26,0.38,30,iscb_dna_target_dna_rna_Y_RNA_gpu4_seq243_len200,0.1933
B,C,D,54,148,38,101,56,8,0.2105,6.36,2,0.037,11.89,0,0.0,17.91,12,0.1188,10.82,7,0.0473,14.8,26,0.6842,6.36,9,0.1667,11.89,1,0.0185,17.91,26,0.2574,10.82,14,0.0946,14.8,35,0.9211,6.36,24,0.4444,11.89,4,0.0741,17.91,47,0.4653,10.82,36,0.2432,14.8,0.51,0.36,0.39,0.0,0.3,0.26,0.34,108,iscb_dna_target_dna_rna_Y_RNA_gpu6_seq275_len203,0.1932
B,C,D,54,148,38,101,56,10,0.2632,6.47,2,0.037,12.25,6,0.1111,11.9,0,0.0,14.67,7,0.0473,14.62,26,0.6842,6.47,7,0.1296,12.25,12,0.2222,11.9,7,0.0693,14.67,19,0.1284,14.62,37,0.9737,6.47,21,0.3889,12.25,24,0.4444,11.9,21,0.2079,14.67,37,0.25,14.62,0.51,0.42,0.44,0.0,0.35,0.3,0.41,65,iscb_dna_target_dna_rna_Y_RNA_gpu5_seq140_len209,0.1932
B,C,D,54,148,38,101,56,10,0.2632,6.76,2,0.037,11.87,0,0.0,17.12,8,0.0792,10.6,5,0.0338,14.75,22,0.5789,6.76,8,0.1481,11.87,1,0.0185,17.12,25,0.2475,10.6,16,0.1081,14.75,35,0.9211,6.76,26,0.4815,11.87,3,0.0556,17.12,51,0.505,10.6,39,0.2635,14.75,0.54,0.52,0.54,0.0,0.46,0.36,0.52,140,iscb_dna_target_dna_rna_Y_RNA_gpu7_seq184_len199,0.1923
B,C,D,54,148,38,101,56,9,0.2368,6.54,2,0.037,11.94,7,0.1296,10.58,6,0.0594,11.76,2,0.0135,15.85,26,0.6842,6.54,8,0.1481,11.94,16,0.2963,10.58,13,0.1287,11.76,10,0.0676,15.85,35,0.9211,6.54,23,0.4259,11.94,31,0.5741,10.58,36,0.3564,11.76,31,0.2095,15.85,0.48,0.33,0.36,0.0,0.26,0.23,0.31,11,iscb_dna_target_dna_rna_Y_RNA_gpu4_seq53_len224,0.1917
B,C,D,54,148,38,101,56,7,0.1842,6.39,2,0.037,11.92,0,0.0,20.8,6,0.0594,10.68,7,0.0473,14.74,25,0.6579,6.39,8,0.1481,11.92,0,0.0,20.8,17,0.1683,10.68,16,0.1081,14.74,38,1.0,6.39,25,0.463,11.92,0,0.0,20.8,45,0.4455,10.68,37,0.25,14.74,0.54,0.54,0.54,0.0,0.46,0.38,0.54,23,iscb_dna_target_dna_rna_Y_RNA_gpu4_seq126_len219,0.1916
B,C,D,54,148,38,101,56,8,0.2105,6.45,2,0.037,11.96,0,0.0,23.69,8,0.0792,10.39,7,0.0473,14.8,25,0.6579,6.45,7,0.1296,11.96,0,0.0,23.69,27,0.2673,10.39,18,0.1216,14.8,37,0.9737,6.45,24,0.4444,11.96,0,0.0,23.69,53,0.5248,10.39,37,0.25,14.8,0.51,0.37,0.41,0.0,0.32,0.32,0.35,84,iscb_dna_target_dna_rna_Y_RNA_gpu6_seq26_len217,0.1913
B,C,D,54,148,38,101,56,6,0.1579,7.08,2,0.037,11.91,7,0.1296,9.7,1,0.0099,19.75,5,0.0338,14.5,20,0.5263,7.08,8,0.1481,11.91,19,0.3519,9.7,7,0.0693,19.75,14,0.0946,14.5,33,0.8684,7.08,26,0.4815,11.91,34,0.6296,9.7,16,0.1584,19.75,41,0.277,14.5,0.58,0.56,0.57,0.0,0.49,0.42,0.57,122,iscb_dna_target_dna_rna_Y_RNA_gpu6_seq398_len211,0.1911
B,C,D,54,148,38,101,56,7,0.1842,6.87,2,0.037,11.92,4,0.0741,12.62,8,0.0792,10.96,6,0.0405,15.04,24,0.6316,6.87,8,0.1481,11.92,6,0.1111,12.62,24,0.2376,10.96,15,0.1014,15.04,34,0.8947,6.87,25,0.463,11.92,20,0.3704,12.62,48,0.4752,10.96,36,0.2432,15.04,0.51,0.37,0.4,0.0,0.31,0.28,0.35,22,iscb_dna_target_dna_rna_Y_RNA_gpu4_seq121_len192,0.1911
B,C,D,54,148,38,101,56,9,0.2368,6.54,2,0.037,12.15,0,0.0,24.25,6,0.0594,12.03,8,0.0541,14.74,25,0.6579,6.54,8,0.1481,12.15,0,0.0,24.25,16,0.1584,12.03,18,0.1216,14.74,37,0.9737,6.54,23,0.4259,12.15,0,0.0,24.25,44,0.4356,12.03,39,0.2635,14.74,0.54,0.53,0.53,0.0,0.47,0.38,0.53,121,iscb_dna_target_dna_rna_Y_RNA_gpu6_seq394_len224,0.191
B,C,D,54,148,38,101,56,9,0.2368,6.71,2,0.037,11.83,2,0.037,15.23,9,0.0891,10.69,2,0.0135,15.84,27,0.7105,6.71,8,0.1481,11.83,5,0.0926,15.23,23,0.2277,10.69,10,0.0676,15.84,35,0.9211,6.71,26,0.4815,11.83,9,0.1667,15.23,48,0.4752,10.69,29,0.1959,15.84,0.46,0.33,0.36,0.0,0.26,0.2,0.31,15,iscb_dna_target_dna_rna_Y_RNA_gpu4_seq64_len220,0.1905
B,C,D,54,148,38,101,56,12,0.3158,6.18,2,0.037,11.87,0,0.0,20.6,4,0.0396,13.99,5,0.0338,14.1,26,0.6842,6.18,8,0.1481,11.87,0,0.0,20.6,12,0.1188,13.99,20,0.1351,14.1,37,0.9737,6.18,25,0.463,11.87,0,0.0,20.6,30,0.297,13.99,42,0.2838,14.1,0.55,0.52,0.52,0.0,0.45,0.38,0.52,151,iscb_dna_target_dna_rna_Y_RNA_gpu7_seq326_len207,0.1903
B,C,D,54,148,38,101,56,10,0.2632,6.69,2,0.037,11.91,3,0.0556,9.87,5,0.0495,11.71,0,0.0,16.91,22,0.5789,6.69,8,0.1481,11.91,18,0.3333,9.87,17,0.1683,11.71,4,0.027,16.91,37,0.9737,6.69,26,0.4815,11.91,31,0.5741,9.87,41,0.4059,11.71,23,0.1554,16.91,0.5,0.44,0.45,0.0,0.36,0.33,0.42,93,iscb_dna_target_dna_rna_Y_RNA_gpu6_seq102_len224,0.1891
B,C,D,54,148,38,101,56,10,0.2632,6.31,2,0.037,12.05,0,0.0,19.18,4,0.0396,11.87,7,0.0473,14.71,25,0.6579,6.31,8,0.1481,12.05,0,0.0,19.18,16,0.1584,11.87,17,0.1149,14.71,38,1.0,6.31,24,0.4444,12.05,0,0.0,19.18,37,0.3663,11.87,39,0.2635,14.71,0.56,0.52,0.52,0.0,0.44,0.39,0.51,144,iscb_dna_target_dna_rna_Y_RNA_gpu7_seq230_len185,0.1886
B,C,D,54,148,38,101,56,9,0.2368,6.53,2,0.037,11.92,6,0.1111,9.79,4,0.0396,12.64,5,0.0338,14.7,21,0.5526,6.53,8,0.1481,11.92,15,0.2778,9.79,12,0.1188,12.64,16,0.1081,14.7,37,0.9737,6.53,25,0.463,11.92,33,0.6111,9.79,29,0.2871,12.64,40,0.2703,14.7,0.52,0.49,0.49,0.0,0.41,0.36,0.48,51,iscb_dna_target_dna_rna_Y_RNA_gpu4_seq378_len224,0.1886
B,C,D,54,148,38,101,56,6,0.1579,6.83,2,0.037,11.87,0,0.0,21.62,11,0.1089,11.02,5,0.0338,14.52,23,0.6053,6.83,8,0.1481,11.87,0,0.0,21.62,26,0.2574,11.02,15,0.1014,14.52,34,0.8947,6.83,25,0.463,11.87,0,0.0,21.62,46,0.4554,11.02,39,0.2635,14.52,0.54,0.46,0.48,0.0,0.38,0.32,0.46,70,iscb_dna_target_dna_rna_Y_RNA_gpu5_seq283_len215,0.1882
B,C,D,54,148,38,101,56,11,0.2895,6.34,2,0.037,11.95,0,0.0,17.77,9,0.0891,11.25,4,0.027,14.77,26,0.6842,6.34,8,0.1481,11.95,0,0.0,17.77,25,0.2475,11.25,15,0.1014,14.77,35,0.9211,6.34,24,0.4444,11.95,2,0.037,17.77,43,0.4257,11.25,38,0.2568,14.77,0.52,0.34,0.38,0.0,0.29,0.28,0.32,143,iscb_dna_target_dna_rna_Y_RNA_gpu7_seq220_len214,0.1875
B,C,D,54,148,38,101,56,11,0.2895,6.69,2,0.037,11.92,12,0.2222,8.63,5,0.0495,14.98,5,0.0338,14.73,24,0.6316,6.69,8,0.1481,11.92,19,0.3519,8.63,17,0.1683,14.98,16,0.1081,14.73,34,0.8947,6.69,25,0.463,11.92,38,0.7037,8.63,27,0.2673,14.98,36,0.2432,14.73,0.45,0.2,0.25,0.0,0.13,0.11,0.16,85,iscb_dna_target_dna_rna_Y_RNA_gpu6_seq42_len224,0.1844
B,C,D,54,148,38,101,56,7,0.1842,6.4,2,0.037,11.95,0,0.0,21.06,6,0.0594,10.72,7,0.0473,15.06,24,0.6316,6.4,8,0.1481,11.95,0,0.0,21.06,16,0.1584,10.72,15,0.1014,15.06,38,1.0,6.4,24,0.4444,11.95,0,0.0,21.06,47,0.4653,10.72,33,0.223,15.06,0.55,0.52,0.53,0.0,0.45,0.39,0.52,72,iscb_dna_target_dna_rna_Y_RNA_gpu5_seq297_len219,0.1825
B,C,D,54,148,38,101,56,9,0.2368,6.39,2,0.037,11.86,0,0.0,19.64,2,0.0198,14.19,5,0.0338,14.52,29,0.7632,6.39,8,0.1481,11.86,0,0.0,19.64,10,0.099,14.19,18,0.1216,14.52,35,0.9211,6.39,26,0.4815,11.86,0,0.0,19.64,33,0.3267,14.19,41,0.277,14.52,0.5,0.37,0.39,0.0,0.31,0.29,0.35,100,iscb_dna_target_dna_rna_Y_RNA_gpu6_seq136_len217,0.1825
B,C,D,54,148,38,101,56,6,0.1579,6.58,2,0.037,11.92,7,0.1296,10.25,3,0.0297,12.08,2,0.0135,15.85,23,0.6053,6.58,8,0.1481,11.92,19,0.3519,10.25,10,0.099,12.08,8,0.0541,15.85,37,0.9737,6.58,25,0.463,11.92,31,0.5741,10.25,40,0.396,12.08,31,0.2095,15.85,0.49,0.37,0.4,0.0,0.29,0.24,0.36,117,iscb_dna_target_dna_rna_Y_RNA_gpu6_seq368_len199,0.1825
B,C,D,54,148,38,101,56,6,0.1579,6.73,2,0.037,12.14,10,0.1852,8.9,4,0.0396,12.13,1,0.0068,16.22,20,0.5263,6.73,7,0.1296,12.14,22,0.4074,8.9,13,0.1287,12.13,10,0.0676,16.22,35,0.9211,6.73,21,0.3889,12.14,32,0.5926,8.9,36,0.3564,12.13,29,0.1959,16.22,0.48,0.41,0.42,0.0,0.32,0.26,0.39,131,iscb_dna_target_dna_rna_Y_RNA_gpu7_seq104_len224,0.182
B,C,D,54,148,38,101,56,13,0.3421,6.58,2,0.037,11.94,0,0.0,17.54,1,0.0099,17.51,4,0.027,14.92,27,0.7105,6.58,8,0.1481,11.94,0,0.0,17.54,6,0.0594,17.51,17,0.1149,14.92,35,0.9211,6.58,24,0.4444,11.94,3,0.0556,17.54,19,0.1881,17.51,38,0.2568,14.92,0.54,0.51,0.52,0.0,0.44,0.39,0.51,124,iscb_dna_target_dna_rna_Y_RNA_gpu7_seq11_len212,0.1817
B,C,D,54,148,38,101,56,6,0.1579,6.94,2,0.037,11.92,0,0.0,32.52,9,0.0891,10.91,8,0.0541,14.15,22,0.5789,6.94,8,0.1481,11.92,0,0.0,32.52,26,0.2574,10.91,20,0.1351,14.15,35,0.9211,6.94,24,0.4444,11.92,0,0.0,32.52,46,0.4554,10.91,41,0.277,14.15,0.53,0.39,0.42,0.0,0.32,0.3,0.36,26,iscb_dna_target_dna_rna_Y_RNA_gpu4_seq143_len180,0.1812
B,C,D,54,148,38,101,56,8,0.2105,6.27,2,0.037,11.91,0,0.0,21.48,5,0.0495,11.22,6,0.0405,15.01,24,0.6316,6.27,8,0.1481,11.91,0,0.0,21.48,15,0.1485,11.22,16,0.1081,15.01,38,1.0,6.27,24,0.4444,11.91,0,0.0,21.48,36,0.3564,11.22,35,0.2365,15.01,0.52,0.52,0.52,0.0,0.43,0.37,0.51,32,iscb_dna_target_dna_rna_Y_RNA_gpu4_seq262_len224,0.1808
B,C,D,54,148,38,101,56,7,0.1842,6.86,2,0.037,11.91,0,0.0,24.18,13,0.1287,10.58,8,0.0541,14.91,23,0.6053,6.86,8,0.1481,11.91,0,0.0,24.18,27,0.2673,10.58,15,0.1014,14.91,36,0.9474,6.86,26,0.4815,11.91,0,0.0,24.18,51,0.505,10.58,37,0.25,14.91,0.51,0.37,0.4,0.0,0.32,0.29,0.35,49,iscb_dna_target_dna_rna_Y_RNA_gpu4_seq370_len202,0.1795
B,C,D,54,148,38,101,56,8,0.2105,6.31,2,0.037,11.95,7,0.1296,9.46,7,0.0693,11.77,6,0.0405,14.5,23,0.6053,6.31,7,0.1296,11.95,17,0.3148,9.46,16,0.1584,11.77,22,0.1486,14.5,38,1.0,6.31,22,0.4074,11.95,36,0.6667,9.46,40,0.396,11.77,46,0.3108,14.5,0.43,0.19,0.25,0.0,0.13,0.14,0.15,154,iscb_dna_target_dna_rna_Y_RNA_gpu7_seq347_len222,0.1794
B,C,D,54,148,38,101,56,9,0.2368,6.28,2,0.037,11.88,0,0.0,20.66,1,0.0099,17.0,7,0.0473,14.36,25,0.6579,6.28,8,0.1481,11.88,0,0.0,20.66,9,0.0891,17.0,17,0.1149,14.36,37,0.9737,6.28,25,0.463,11.88,0,0.0,20.66,19,0.1881,17.0,41,0.277,14.36,0.55,0.53,0.54,0.0,0.46,0.38,0.53,7,iscb_dna_target_dna_rna_Y_RNA_gpu4_seq26_len211,0.1791
B,C,D,54,148,38,101,56,9,0.2368,6.49,2,0.037,11.91,0,0.0,23.33,8,0.0792,10.86,4,0.027,15.09,24,0.6316,6.49,8,0.1481,11.91,0,0.0,23.33,22,0.2178,10.86,15,0.1014,15.09,38,1.0,6.49,25,0.463,11.91,0,0.0,23.33,48,0.4752,10.86,39,0.2635,15.09,0.5,0.38,0.42,0.0,0.31,0.26,0.36,19,iscb_dna_target_dna_rna_Y_RNA_gpu4_seq104_len211,0.1789
B,C,D,54,148,38,101,56,7,0.1842,6.36,2,0.037,11.88,0,0.0,19.44,7,0.0693,11.54,6,0.0405,15.64,27,0.7105,6.36,8,0.1481,11.88,0,0.0,19.44,13,0.1287,11.54,13,0.0878,15.64,38,1.0,6.36,24,0.4444,11.88,0,0.0,19.44,40,0.396,11.54,34,0.2297,15.64,0.51,0.41,0.43,0.0,0.34,0.3,0.39,86,iscb_dna_target_dna_rna_Y_RNA_gpu6_seq54_len209,0.1777
B,C,D,54,148,38,101,56,9,0.2368,6.24,2,0.037,11.88,0,0.0,21.7,4,0.0396,13.9,6,0.0405,14.7,24,0.6316,6.24,8,0.1481,11.88,0,0.0,21.7,14,0.1386,13.9,15,0.1014,14.7,38,1.0,6.24,26,0.4815,11.88,0,0.0,21.7,33,0.3267,13.9,39,0.2635,14.7,0.52,0.5,0.5,0.0,0.42,0.36,0.49,29,iscb_dna_target_dna_rna_Y_RNA_gpu4_seq200_len201,0.1756
B,C,D,54,148,38,101,56,6,0.1579,6.61,2,0.037,11.92,9,0.1667,10.77,7,0.0693,11.18,9,0.0608,14.69,21,0.5526,6.61,9,0.1667,11.92,18,0.3333,10.77,14,0.1386,11.18,13,0.0878,14.69,38,1.0,6.61,24,0.4444,11.92,27,0.5,10.77,35,0.3465,11.18,37,0.25,14.69,0.47,0.29,0.33,0.0,0.22,0.24,0.26,137,iscb_dna_target_dna_rna_Y_RNA_gpu7_seq139_len219,0.1756
B,C,D,54,148,38,101,56,8,0.2105,6.44,2,0.037,11.86,0,0.0,24.81,8,0.0792,10.6,6,0.0405,15.48,26,0.6842,6.44,8,0.1481,11.86,0,0.0,24.81,22,0.2178,10.6,14,0.0946,15.48,36,0.9474,6.44,25,0.463,11.86,0,0.0,24.81,53,0.5248,10.6,34,0.2297,15.48,0.46,0.3,0.33,0.0,0.24,0.21,0.27,43,iscb_dna_target_dna_rna_Y_RNA_gpu4_seq338_len214,0.1753
B,C,D,54,148,38,101,56,7,0.1842,6.56,2,0.037,11.9,0,0.0,21.56,6,0.0594,10.96,2,0.0135,15.95,27,0.7105,6.56,8,0.1481,11.9,0,0.0,21.56,16,0.1584,10.96,14,0.0946,15.95,37,0.9737,6.56,25,0.463,11.9,0,0.0,21.56,44,0.4356,10.96,31,0.2095,15.95,0.47,0.32,0.35,0.0,0.25,0.22,0.29,37,iscb_dna_target_dna_rna_Y_RNA_gpu4_seq290_len216,0.1733
B,C,D,54,148,38,101,56,10,0.2632,6.3,2,0.037,11.97,0,0.0,19.43,1,0.0099,13.74,7,0.0473,14.25,26,0.6842,6.3,8,0.1481,11.97,0,0.0,19.43,11,0.1089,13.74,17,0.1149,14.25,37,0.9737,6.3,24,0.4444,11.97,1,0.0185,19.43,34,0.3366,13.74,43,0.2905,14.25,0.49,0.4,0.42,0.0,0.32,0.3,0.39,141,iscb_dna_target_dna_rna_Y_RNA_gpu7_seq189_len215,0.173
B,C,D,54,148,38,101,56,5,0.1316,7.04,2,0.037,11.96,9,0.1667,9.45,0,0.0,13.91,3,0.0203,15.65,21,0.5526,7.04,8,0.1481,11.96,19,0.3519,9.45,10,0.099,13.91,13,0.0878,15.65,34,0.8947,7.04,23,0.4259,11.96,34,0.6296,9.45,25,0.2475,13.91,34,0.2297,15.65,0.49,0.31,0.35,0.0,0.25,0.25,0.29,109,iscb_dna_target_dna_rna_Y_RNA_gpu6_seq286_len191,0.1722
B,C,D,54,148,38,101,56,8,0.2105,6.4,2,0.037,11.99,0,0.0,25.82,12,0.1188,10.98,7,0.0473,14.64,22,0.5789,6.4,8,0.1481,11.99,0,0.0,25.82,26,0.2574,10.98,17,0.1149,14.64,37,0.9737,6.4,24,0.4444,11.99,0,0.0,25.82,46,0.4554,10.98,41,0.277,14.64,0.51,0.32,0.37,0.0,0.26,0.31,0.3,119,iscb_dna_target_dna_rna_Y_RNA_gpu6_seq380_len188,0.1717
B,C,D,54,148,38,101,56,4,0.1053,7.4,2,0.037,11.95,2,0.037,11.84,1,0.0099,13.45,4,0.027,15.02,22,0.5789,7.4,8,0.1481,11.95,7,0.1296,11.84,12,0.1188,13.45,14,0.0946,15.02,32,0.8421,7.4,25,0.463,11.95,22,0.4074,11.84,32,0.3168,13.45,38,0.2568,15.02,0.53,0.44,0.46,0.0,0.37,0.34,0.43,152,iscb_dna_target_dna_rna_Y_RNA_gpu7_seq330_len224,0.1711
B,C,D,54,148,38,101,56,9,0.2368,6.32,2,0.037,11.96,0,0.0,14.45,3,0.0297,10.63,4,0.027,14.76,24,0.6316,6.32,7,0.1296,11.96,4,0.0741,14.45,19,0.1881,10.63,12,0.0811,14.76,37,0.9737,6.32,25,0.463,11.96,13,0.2407,14.45,54,0.5347,10.63,40,0.2703,14.76,0.49,0.32,0.37,0.0,0.26,0.25,0.3,34,iscb_dna_target_dna_rna_Y_RNA_gpu4_seq270_len208,0.1706
B,C,D,54,148,38,101,56,5,0.1316,6.67,2,0.037,11.93,1,0.0185,13.59,3,0.0297,14.95,4,0.027,14.71,24,0.6316,6.67,8,0.1481,11.93,5,0.0926,13.59,12,0.1188,14.95,15,0.1014,14.71,36,0.9474,6.67,24,0.4444,11.93,13,0.2407,13.59,25,0.2475,14.95,37,0.25,14.71,0.5,0.38,0.4,0.0,0.31,0.27,0.36,114,iscb_dna_target_dna_rna_Y_RNA_gpu6_seq353_len213,0.1705
B,C,D,54,148,38,101,56,10,0.2632,6.13,2,0.037,12.18,0,0.0,21.6,3,0.0297,14.77,6,0.0405,14.86,27,0.7105,6.13,9,0.1667,12.18,0,0.0,21.6,9,0.0891,14.77,15,0.1014,14.86,38,1.0,6.13,22,0.4074,12.18,0,0.0,21.6,24,0.2376,14.77,36,0.2432,14.86,0.5,0.35,0.38,0.0,0.29,0.25,0.33,73,iscb_dna_target_dna_rna_Y_RNA_gpu5_seq303_len213,0.1694
B,C,D,54,148,38,101,56,10,0.2632,6.62,2,0.037,11.96,0,0.0,35.08,4,0.0396,15.09,5,0.0338,14.5,25,0.6579,6.62,8,0.1481,11.96,0,0.0,35.08,11,0.1089,15.09,16,0.1081,14.5,35,0.9211,6.62,22,0.4074,11.96,0,0.0,35.08,28,0.2772,15.09,38,0.2568,14.5,0.5,0.4,0.42,0.0,0.32,0.29,0.38,25,iscb_dna_target_dna_rna_Y_RNA_gpu4_seq142_len217,0.1672
B,C,D,54,148,38,101,56,7,0.1842,6.58,2,0.037,12.07,2,0.037,12.46,0,0.0,12.72,3,0.0203,15.3,26,0.6842,6.58,8,0.1481,12.07,10,0.1852,12.46,8,0.0792,12.72,15,0.1014,15.3,37,0.9737,6.58,23,0.4259,12.07,24,0.4444,12.46,27,0.2673,12.72,32,0.2162,15.3,0.45,0.23,0.27,0.0,0.16,0.14,0.19,146,iscb_dna_target_dna_rna_Y_RNA_gpu7_seq258_len211,0.1662
B,C,D,54,148,38,101,56,3,0.0789,6.9,2,0.037,11.93,0,0.0,20.18,6,0.0594,10.62,3,0.0203,15.25,23,0.6053,6.9,8,0.1481,11.93,0,0.0,20.18,26,0.2574,10.62,12,0.0811,15.25,37,0.9737,6.9,23,0.4259,11.93,1,0.0185,20.18,52,0.5149,10.62,33,0.223,15.25,0.45,0.29,0.32,0.0,0.22,0.2,0.26,27,iscb_dna_target_dna_rna_Y_RNA_gpu4_seq162_len218,0.1648
B,C,D,54,148,38,101,56,11,0.2895,6.52,2,0.037,11.91,0,0.0,25.82,0,0.0,12.0,5,0.0338,15.53,25,0.6579,6.52,8,0.1481,11.91,0,0.0,25.82,7,0.0693,12.0,14,0.0946,15.53,35,0.9211,6.52,24,0.4444,11.91,0,0.0,25.82,31,0.3069,12.0,34,0.2297,15.53,0.5,0.46,0.47,0.0,0.4,0.3,0.45,127,iscb_dna_target_dna_rna_Y_RNA_gpu7_seq37_len216,0.1643
B,C,D,54,148,38,101,56,8,0.2105,6.75,2,0.037,11.92,0,0.0,28.18,1,0.0099,13.13,6,0.0405,14.68,24,0.6316,6.75,8,0.1481,11.92,0,0.0,28.18,5,0.0495,13.13,15,0.1014,14.68,34,0.8947,6.75,24,0.4444,11.92,0,0.0,28.18,25,0.2475,13.13,38,0.2568,14.68,0.54,0.51,0.52,0.0,0.47,0.39,0.51,115,iscb_dna_target_dna_rna_Y_RNA_gpu6_seq363_len222,0.1627
B,C,D,54,148,38,101,56,6,0.1579,7.2,2,0.037,11.95,7,0.1296,10.63,1,0.0099,13.72,8,0.0541,15.18,21,0.5526,7.2,8,0.1481,11.95,16,0.2963,10.63,5,0.0495,13.72,14,0.0946,15.18,32,0.8421,7.2,24,0.4444,11.95,29,0.537,10.63,21,0.2079,13.72,33,0.223,15.18,0.49,0.34,0.37,0.0,0.27,0.25,0.32,139,iscb_dna_target_dna_rna_Y_RNA_gpu7_seq154_len219,0.1625
B,C,D,54,148,38,101,56,7,0.1842,6.62,2,0.037,11.94,0,0.0,23.73,1,0.0099,17.28,4,0.027,15.03,23,0.6053,6.62,8,0.1481,11.94,0,0.0,23.73,9,0.0891,17.28,13,0.0878,15.03,36,0.9474,6.62,23,0.4259,11.94,0,0.0,23.73,19,0.1881,17.28,41,0.277,15.03,0.53,0.52,0.52,0.0,0.44,0.38,0.51,52,iscb_dna_target_dna_rna_Y_RNA_gpu4_seq383_len216,0.1621
B,C,D,54,148,38,101,56,11,0.2895,6.18,2,0.037,11.91,0,0.0,20.96,1,0.0099,12.66,7,0.0473,14.87,26,0.6842,6.18,8,0.1481,11.91,0,0.0,20.96,9,0.0891,12.66,16,0.1081,14.87,36,0.9474,6.18,25,0.463,11.91,0,0.0,20.96,32,0.3168,12.66,39,0.2635,14.87,0.48,0.31,0.35,0.0,0.24,0.25,0.29,12,iscb_dna_target_dna_rna_Y_RNA_gpu4_seq59_len212,0.1604
B,C,D,54,148,38,101,56,9,0.2368,6.83,2,0.037,12.33,0,0.0,27.18,3,0.0297,13.07,6,0.0405,14.35,23,0.6053,6.83,6,0.1111,12.33,0,0.0,27.18,14,0.1386,13.07,18,0.1216,14.35,35,0.9211,6.83,22,0.4074,12.33,0,0.0,27.18,41,0.4059,13.07,42,0.2838,14.35,0.48,0.38,0.4,0.0,0.31,0.27,0.36,41,iscb_dna_target_dna_rna_Y_RNA_gpu4_seq317_len201,0.1586
B,C,D,54,148,38,101,56,11,0.2895,6.57,2,0.037,11.92,0,0.0,24.64,5,0.0495,11.47,7,0.0473,14.93,23,0.6053,6.57,8,0.1481,11.92,0,0.0,24.64,9,0.0891,11.47,14,0.0946,14.93,35,0.9211,6.57,25,0.463,11.92,0,0.0,24.64,35,0.3465,11.47,38,0.2568,14.93,0.5,0.45,0.46,0.0,0.38,0.32,0.44,38,iscb_dna_target_dna_rna_Y_RNA_gpu4_seq292_len217,0.1569
B,C,D,54,148,38,101,56,5,0.1316,6.98,2,0.037,11.88,4,0.0741,12.85,4,0.0396,13.84,6,0.0405,14.38,20,0.5263,6.98,8,0.1481,11.88,7,0.1296,12.85,8,0.0792,13.84,17,0.1149,14.38,34,0.8947,6.98,25,0.463,11.88,18,0.3333,12.85,23,0.2277,13.84,40,0.2703,14.38,0.51,0.42,0.44,0.0,0.34,0.29,0.41,66,iscb_dna_target_dna_rna_Y_RNA_gpu5_seq153_len207,0.1562
B,C,D,54,148,38,101,56,15,0.3947,6.11,2,0.037,12.0,0,0.0,22.91,3,0.0297,14.33,6,0.0405,15.31,24,0.6316,6.11,8,0.1481,12.0,0,0.0,22.91,13,0.1287,14.33,12,0.0811,15.31,37,0.9737,6.11,24,0.4444,12.0,0,0.0,22.91,32,0.3168,14.33,32,0.2162,15.31,0.5,0.33,0.36,0.0,0.28,0.28,0.3,1,iscb_dna_target_dna_rna_Y_RNA_gpu4_seq4_len210,0.1546
B,C,D,54,148,38,101,56,7,0.1842,6.45,2,0.037,11.87,0,0.0,23.76,0,0.0,14.39,0,0.0,18.43,26,0.6842,6.45,8,0.1481,11.87,0,0.0,23.76,5,0.0495,14.39,3,0.0203,18.43,37,0.9737,6.45,25,0.463,11.87,0,0.0,23.76,20,0.198,14.39,16,0.1081,18.43,0.5,0.43,0.45,0.0,0.36,0.26,0.42,16,iscb_dna_target_dna_rna_Y_RNA_gpu4_seq79_len215,0.1515
B,C,D,54,148,38,101,56,8,0.2105,6.92,2,0.037,11.91,0,0.0,17.22,6,0.0594,12.51,6,0.0405,15.12,20,0.5263,6.92,9,0.1667,11.91,0,0.0,17.22,17,0.1683,12.51,14,0.0946,15.12,35,0.9211,6.92,24,0.4444,11.91,3,0.0556,17.22,39,0.3861,12.51,36,0.2432,15.12,0.47,0.34,0.36,0.0,0.27,0.26,0.31,17,iscb_dna_target_dna_rna_Y_RNA_gpu4_seq87_len217,0.1467
B,C,D,54,148,38,101,56,7,0.1842,7.04,2,0.037,12.15,0,0.0,29.59,2,0.0198,18.53,5,0.0338,14.4,20,0.5263,7.04,7,0.1296,12.15,0,0.0,29.59,9,0.0891,18.53,20,0.1351,14.4,35,0.9211,7.04,21,0.3889,12.15,0,0.0,29.59,15,0.1485,18.53,39,0.2635,14.4,0.5,0.43,0.44,0.0,0.36,0.3,0.42,125,iscb_dna_target_dna_rna_Y_RNA_gpu7_seq17_len224,0.1451
B,C,D,54,148,38,101,56,5,0.1316,6.64,2,0.037,11.89,0,0.0,17.6,0,0.0,14.42,2,0.0135,17.52,24,0.6316,6.64,8,0.1481,11.89,0,0.0,17.6,7,0.0693,14.42,5,0.0338,17.52,37,0.9737,6.64,25,0.463,11.89,3,0.0556,17.6,20,0.198,14.42,21,0.1419,17.52,0.5,0.4,0.42,0.0,0.34,0.26,0.39,126,iscb_dna_target_dna_rna_Y_RNA_gpu7_seq30_len215,0.1444
B,C,D,54,148,38,101,56,7,0.1842,7.08,2,0.037,11.91,0,0.0,18.91,9,0.0891,13.52,2,0.0135,16.97,22,0.5789,7.08,8,0.1481,11.91,0,0.0,18.91,18,0.1782,13.52,6,0.0405,16.97,34,0.8947,7.08,25,0.463,11.91,1,0.0185,18.91,37,0.3663,13.52,23,0.1554,16.97,0.45,0.2,0.25,0.0,0.15,0.11,0.17,61,iscb_dna_target_dna_rna_Y_RNA_gpu5_seq95_len192,0.1351
B,C,D,54,148,38,101,56,7,0.1842,6.88,2,0.037,12.16,0,0.0,19.09,0,0.0,16.63,3,0.0203,15.34,18,0.4737,6.88,7,0.1296,12.16,0,0.0,19.09,6,0.0594,16.63,13,0.0878,15.34,36,0.9474,6.88,24,0.4444,12.16,1,0.0185,19.09,14,0.1386,16.63,33,0.223,15.34,0.51,0.39,0.41,0.0,0.33,0.29,0.37,44,iscb_dna_target_dna_rna_Y_RNA_gpu4_seq345_len216,0.1205
