case_index,record_id,direction,target_state,feature_id,feature_state_margin,feature_positive_mean,best_condition,best_scale,best_delta_margin,best_margin,best_delta_target_logp,best_target_mutation_prob,anchor_one_x,anchor_pos1,span_start0,span_end0,target_span,context_span
8,Janzen_2022_fam1b1_ribozyme_19,mutant_state,mutant,4711,0.2924385666847229,1.0918099880218506,10x,10.0,0.10279202461242676,0.17228257656097412,0.0737234354019165,0.30504319071769714,3.6746203899383545,2,2,9,GAAAGGA,GAAUGGA
2,Janzen_2022_fam1b1_ribozyme_2,wt_state,wt,2952,0.4332473874092102,1.3038889169692993,10x,10.0,0.08905899524688721,0.3634227514266968,0.02209615707397461,0.21216802299022675,3.6573171615600586,33,0,5,GGGAA,GCGAA
4,Janzen_2022_fam1b1_ribozyme_8,wt_state,wt,2338,0.527038186788559,0.8267912864685059,5x,5.0,0.08495736122131348,0.8684327602386475,0.08778798580169678,0.22024987637996674,6.396681785583496,10,0,6,GGGAAU,GGUAAU
0,Janzen_2022_fam1b1_ribozyme_2,mutant_state,mutant,677,0.6120641231536865,2.673447370529175,1.5x,1.5,0.0836714506149292,0.19303607940673828,0.0766526460647583,0.22883933782577515,10.620390892028809,34,0,5,GUGAA,GGGAA
0,Janzen_2022_fam1b1_ribozyme_2,mutant_state,mutant,1709,0.3052198886871338,0.6842412948608398,10x,10.0,0.08336293697357178,0.19272756576538086,0.047225236892700195,0.22733573615550995,2.266801118850708,8,0,5,GUGAA,GGGAA
9,Janzen_2022_fam1b1_ribozyme_19,mutant_state,mutant,5618,0.2648587226867676,1.4712785482406616,10x,10.0,0.0820627212524414,-0.36936330795288086,0.04375195503234863,0.1961537003517151,8.424960136413574,22,0,4,CGGA,GGGA
0,Janzen_2022_fam1b1_ribozyme_2,mutant_state,mutant,6410,0.29546451568603516,1.4017115831375122,1.5x,1.5,0.07335972785949707,0.18272435665130615,0.08095228672027588,0.22982539236545563,2.3702144622802734,7,0,5,GUGAA,GGGAA
9,Janzen_2022_fam1b1_ribozyme_19,mutant_state,mutant,2548,0.31839656829833984,2.603167772293091,1.5x,1.5,0.07254433631896973,-0.37888169288635254,-0.0006693601608276367,0.19259825348854065,6.035285472869873,54,0,4,CGGA,GGGA
3,Janzen_2022_fam1b1_ribozyme_8,wt_state,wt,3530,0.28700464963912964,0.8668007850646973,10x,10.0,0.06836450099945068,0.3690236806869507,0.015774250030517578,0.21372586488723755,7.5733466148376465,12,0,5,GGGAA,GCGAA
4,Janzen_2022_fam1b1_ribozyme_8,wt_state,wt,6672,0.22750425338745117,0.7948436141014099,1.5x,1.5,0.06818962097167969,0.8516650199890137,0.03767502307891846,0.21885667741298676,2.654661178588867,20,0,6,GGGAAU,GGUAAU
9,Janzen_2022_fam1b1_ribozyme_19,mutant_state,mutant,2908,0.3205534815788269,1.00004243850708,10x,10.0,0.06559669971466064,-0.3858293294906616,0.02399122714996338,0.19972749054431915,2.132004737854004,8,0,4,CGGA,GGGA
1,Janzen_2022_fam1b1_ribozyme_8,mutant_state,mutant,1625,0.2489302158355713,0.4006459712982178,0.5x,0.5,0.0649946928024292,0.0786513090133667,0.0325702428817749,0.22592857480049133,4.978277683258057,8,0,5,GUGAA,GGGAA
7,Janzen_2022_fam1b1_ribozyme_8,wt_state,wt,2338,0.31969398260116577,0.8267912864685059,5x,5.0,0.0611264705657959,0.25989866256713867,0.08778798580169678,0.22024987637996674,6.396681785583496,10,0,6,GGGAAU,GGCAAU
4,Janzen_2022_fam1b1_ribozyme_8,mutant_state,mutant,252,0.7167072296142578,3.9153060913085938,10x,10.0,0.06078457832336426,-0.7226908206939697,0.04344892501831055,0.20699061453342438,8.651826858520508,20,0,6,GGUAAU,GGGAAU
7,Janzen_2022_fam1b1_ribozyme_8,wt_state,wt,8113,0.3643421530723572,0.6259011030197144,2x,2.0,0.05958235263824463,0.2583545446395874,0.06952428817749023,0.21885667741298676,4.207993984222412,14,0,6,GGGAAU,GGCAAU
0,Janzen_2022_fam1b1_ribozyme_2,mutant_state,mutant,3516,0.28425586223602295,0.9531437754631042,2.5x,2.5,0.05225181579589844,0.16161644458770752,0.06833910942077637,0.2313622385263443,10.934664726257324,6,0,5,GUGAA,GGGAA
2,Janzen_2022_fam1b1_ribozyme_2,wt_state,wt,6224,0.34764695167541504,2.464049816131592,2x,2.0,0.051795363426208496,0.32615911960601807,0.014111042022705078,0.20844948291778564,10.204543113708496,68,0,5,GGGAA,GCGAA
4,Janzen_2022_fam1b1_ribozyme_8,wt_state,wt,47,0.2521766722202301,0.2521766722202301,5x,5.0,0.051415443420410156,0.8348908424377441,0.02706015110015869,0.21356117725372314,6.078389644622803,10,0,6,GGGAAU,GGUAAU
9,Janzen_2022_fam1b1_ribozyme_19,mutant_state,mutant,7691,0.36245495080947876,0.940889835357666,1.5x,1.5,0.051081299781799316,-0.40034472942352295,0.005936622619628906,0.19615383446216583,6.281797885894775,17,0,4,CGGA,GGGA
9,Janzen_2022_fam1b1_ribozyme_19,mutant_state,mutant,4290,0.2797647714614868,1.3659216165542603,1.5x,1.5,0.05090963840484619,-0.4005163908004761,0.019458889961242676,0.19615383446216583,3.0344157218933105,18,0,4,CGGA,GGGA
2,Janzen_2022_fam1b1_ribozyme_2,wt_state,wt,252,0.31880807876586914,2.5390660762786865,0.5x,0.5,0.05080687999725342,0.325170636177063,0.006638884544372559,0.20983797311782837,8.009737968444824,68,0,5,GGGAA,GCGAA
3,Janzen_2022_fam1b1_ribozyme_8,mutant_state,mutant,3967,0.29707205295562744,1.9578028917312622,1.5x,1.5,0.0497053861618042,-0.2509537935256958,0.01781463623046875,0.24039193987846375,7.488227844238281,69,0,5,GCGAA,GGGAA
3,Janzen_2022_fam1b1_ribozyme_8,mutant_state,mutant,401,0.2979159355163574,0.909328281879425,5x,5.0,0.04968917369842529,-0.2509700059890747,0.009622573852539062,0.24039193987846375,4.932245254516602,10,0,5,GCGAA,GGGAA
6,Janzen_2022_fam1b1_ribozyme_8,mutant_state,mutant,6339,0.27304568886756897,0.7245059609413147,10x,10.0,0.047612905502319336,0.44188356399536133,0.023145556449890137,0.32872411608695984,4.321329593658447,39,0,5,GAGAA,GGGAA
2,Janzen_2022_fam1b1_ribozyme_2,mutant_state,mutant,2908,0.3326115608215332,0.9700282216072083,1x,1.0,0.04712259769439697,-0.2272411584854126,0.01511073112487793,0.21506638824939728,2.4172825813293457,26,0,5,GCGAA,GGGAA
3,Janzen_2022_fam1b1_ribozyme_8,wt_state,wt,5833,0.43098241090774536,0.9955752491950989,1x,1.0,0.04702723026275635,0.34768640995025635,-0.007423520088195801,0.212145134806633,6.331355571746826,20,0,5,GGGAA,GCGAA
5,Janzen_2022_fam1b1_ribozyme_16,wt_state,wt,7967,0.12457484006881714,1.0114309787750244,5x,5.0,0.0460202693939209,0.29810333251953125,0.041706204414367676,0.26674792170524597,3.435368061065674,37,8,15,AUCCACA,AUCUACA
3,Janzen_2022_fam1b1_ribozyme_8,wt_state,wt,1615,0.7199927568435669,2.103393793106079,2.5x,2.5,0.045656681060791016,0.346315860748291,-0.0026112794876098633,0.212145134806633,9.110843658447266,20,0,5,GGGAA,GCGAA
8,Janzen_2022_fam1b1_ribozyme_19,mutant_state,mutant,7146,0.24523496627807617,1.7298575639724731,5x,5.0,0.0447613000869751,0.11425185203552246,0.005898833274841309,0.2960602641105652,2.389209747314453,11,2,9,GAAAGGA,GAAUGGA
8,Janzen_2022_fam1b1_ribozyme_19,mutant_state,mutant,7050,0.6979837417602539,3.6970834732055664,2.5x,2.5,0.04449307918548584,0.1139836311340332,0.001134037971496582,0.29421839118003845,15.34795093536377,37,2,9,GAAAGGA,GAAUGGA
2,Janzen_2022_fam1b1_ribozyme_2,wt_state,wt,1145,0.29574739933013916,1.7806711196899414,5x,5.0,0.04354119300842285,0.3179049491882324,0.003873109817504883,0.20925845205783844,5.004920482635498,68,0,5,GGGAA,GCGAA
4,Janzen_2022_fam1b1_ribozyme_8,mutant_state,mutant,2008,0.37187862396240234,1.752097487449646,2.5x,2.5,0.04317367076873779,-0.7403017282485962,0.009359002113342285,0.20844848453998566,13.273882865905762,38,0,6,GGUAAU,GGGAAU
5,Janzen_2022_fam1b1_ribozyme_16,mutant_state,mutant,5885,0.2221003770828247,0.9572886824607849,10x,10.0,0.042905330657958984,-0.20917773246765137,0.013797402381896973,0.28621819615364075,6.618174076080322,48,8,15,AUCUACA,AUCCACA
1,Janzen_2022_fam1b1_ribozyme_8,wt_state,wt,2837,0.3538495898246765,0.9984016418457031,1x,1.0,0.04276227951049805,0.029105663299560547,0.020502090454101562,0.21372586488723755,4.95416784286499,20,0,5,GGGAA,GUGAA
1,Janzen_2022_fam1b1_ribozyme_8,mutant_state,mutant,7777,0.29796531796455383,0.6343569159507751,1.5x,1.5,0.042061448097229004,0.055718064308166504,0.017594099044799805,0.22051022946834564,1.7340115308761597,16,0,5,GUGAA,GGGAA
4,Janzen_2022_fam1b1_ribozyme_8,wt_state,wt,3530,0.33558034896850586,0.8668007850646973,1x,1.0,0.04186677932739258,0.8253421783447266,0.03465628623962402,0.21356117725372314,7.5733466148376465,12,0,6,GGGAAU,GGUAAU
1,Janzen_2022_fam1b1_ribozyme_8,mutant_state,mutant,677,0.6117216348648071,2.430990695953369,1.5x,1.5,0.0417933464050293,0.0554499626159668,0.01867973804473877,0.2242690771818161,7.9221110343933105,25,0,5,GUGAA,GGGAA
7,Janzen_2022_fam1b1_ribozyme_8,mutant_state,mutant,6359,0.22464433312416077,0.5603082180023193,0x,0.0,0.041753411293029785,-0.157018780708313,0.026576876640319824,0.22733469307422638,2.8028039932250977,39,0,6,GGCAAU,GGGAAU
8,Janzen_2022_fam1b1_ribozyme_19,mutant_state,mutant,5149,0.2625831365585327,1.2633202075958252,2.5x,2.5,0.04067230224609375,0.11016285419464111,0.015834450721740723,0.2960602939128876,2.6725118160247803,48,2,9,GAAAGGA,GAAUGGA
3,Janzen_2022_fam1b1_ribozyme_8,wt_state,wt,7857,0.25444793701171875,4.322732925415039,10x,10.0,0.03998291492462158,0.3406420946121216,-0.026488423347473145,0.21068130433559418,16.584936141967773,71,0,5,GGGAA,GCGAA
1,Janzen_2022_fam1b1_ribozyme_8,mutant_state,mutant,7081,0.4351477026939392,1.4201518297195435,0.5x,0.5,0.039760589599609375,0.053417205810546875,0.016646981239318848,0.2188793569803238,7.173652648925781,23,0,5,GUGAA,GGGAA
6,Janzen_2022_fam1b1_ribozyme_8,mutant_state,mutant,3779,0.4165534973144531,3.1095964908599854,0.5x,0.5,0.03961598873138428,0.43388664722442627,0.007725119590759277,0.32857680320739746,8.707985877990723,15,0,5,GAGAA,GGGAA
6,Janzen_2022_fam1b1_ribozyme_8,mutant_state,mutant,6359,0.3031142055988312,0.6221357583999634,1x,1.0,0.039608120918273926,0.4338787794113159,0.04036831855773926,0.32857680320739746,4.714779853820801,6,0,5,GAGAA,GGGAA
2,Janzen_2022_fam1b1_ribozyme_2,mutant_state,mutant,401,0.47599348425865173,0.9450146555900574,2x,2.0,0.039560914039611816,-0.23480284214019775,0.008766770362854004,0.21506638824939728,4.9454121589660645,10,0,5,GCGAA,GGGAA
6,Janzen_2022_fam1b1_ribozyme_8,mutant_state,mutant,7050,0.30448341369628906,3.160409927368164,5x,5.0,0.039087653160095215,0.4333583116531372,0.015150070190429688,0.33102506399154663,18.871213912963867,66,0,5,GAGAA,GGGAA
0,Janzen_2022_fam1b1_ribozyme_2,mutant_state,mutant,7081,0.3064725399017334,1.229719638824463,0.5x,0.5,0.03868293762207031,0.1480475664138794,0.02083611488342285,0.221893310546875,7.151553630828857,23,0,5,GUGAA,GGGAA
2,Janzen_2022_fam1b1_ribozyme_2,wt_state,wt,1303,0.24432605504989624,0.6815022826194763,1x,1.0,0.03851962089538574,0.3128833770751953,-0.0040656328201293945,0.20844948291778564,4.65281343460083,68,0,5,GGGAA,GCGAA
6,Janzen_2022_fam1b1_ribozyme_8,wt_state,wt,2338,0.35411572456359863,0.8267912864685059,2x,2.0,0.03771209716796875,-0.35655856132507324,0.029219746589660645,0.21372586488723755,6.396681785583496,10,0,5,GGGAA,GAGAA
6,Janzen_2022_fam1b1_ribozyme_8,mutant_state,mutant,893,0.31508350372314453,1.7171802520751953,0x,0.0,0.03763318061828613,0.4319038391113281,0.021943092346191406,0.33102506399154663,11.585030555725098,66,0,5,GAGAA,GGGAA
8,Janzen_2022_fam1b1_ribozyme_19,mutant_state,mutant,2097,0.3180806636810303,1.382081151008606,5x,5.0,0.03712427616119385,0.10661482810974121,0.013669967651367188,0.2960602641105652,3.7243385314941406,52,2,9,GAAAGGA,GAAUGGA
2,Janzen_2022_fam1b1_ribozyme_2,mutant_state,mutant,5868,0.3778068423271179,1.3081382513046265,1x,1.0,0.03623056411743164,-0.23813319206237793,0.01511073112487793,0.21506638824939728,6.265661716461182,62,0,5,GCGAA,GGGAA
5,Janzen_2022_fam1b1_ribozyme_16,mutant_state,mutant,3444,0.23112338781356812,0.9514197707176208,5x,5.0,0.03395569324493408,-0.21812736988067627,0.006208062171936035,0.28892648220062256,6.251627445220947,34,8,15,AUCUACA,AUCCACA
5,Janzen_2022_fam1b1_ribozyme_16,wt_state,wt,1615,0.1506432294845581,1.9226651191711426,0.5x,0.5,0.0336230993270874,0.28570616245269775,0.0015544891357421875,0.2642900347709656,8.801365852355957,59,8,15,AUCCACA,AUCUACA
5,Janzen_2022_fam1b1_ribozyme_16,wt_state,wt,1145,0.09670400619506836,2.1845028400421143,0.5x,0.5,0.03292691707611084,0.2850099802017212,0.010767579078674316,0.26428940892219543,9.290860176086426,45,8,15,AUCCACA,AUCUACA
5,Janzen_2022_fam1b1_ribozyme_16,mutant_state,mutant,643,0.27849966287612915,0.9520376324653625,10x,10.0,0.03135228157043457,-0.22073078155517578,-0.0005611181259155273,0.2953888475894928,7.034626007080078,43,8,15,AUCUACA,AUCCACA
5,Janzen_2022_fam1b1_ribozyme_16,mutant_state,mutant,7978,0.4037579298019409,1.4610399007797241,10x,10.0,0.030855417251586914,-0.22122764587402344,0.01738870143890381,0.29026591777801514,5.3981218338012695,18,8,15,AUCUACA,AUCCACA
7,Janzen_2022_fam1b1_ribozyme_8,mutant_state,mutant,6551,0.29935866594314575,1.0792485475540161,10x,10.0,0.030530810356140137,-0.16824138164520264,0.03394961357116699,0.22733469307422638,4.21820592880249,45,0,6,GGCAAU,GGGAAU
3,Janzen_2022_fam1b1_ribozyme_8,wt_state,wt,8113,0.28185760974884033,0.6259011030197144,2.5x,2.5,0.030144691467285156,0.33080387115478516,-0.015689969062805176,0.21372586488723755,4.207993984222412,14,0,5,GGGAA,GCGAA
7,Janzen_2022_fam1b1_ribozyme_8,wt_state,wt,2441,0.28755438327789307,1.2998656034469604,0.5x,0.5,0.028571605682373047,0.22734379768371582,0.019080519676208496,0.21356117725372314,4.358940601348877,11,0,6,GGGAAU,GGCAAU
2,Janzen_2022_fam1b1_ribozyme_2,mutant_state,mutant,2259,0.3866696059703827,0.8502459526062012,1x,1.0,0.028463244438171387,-0.24590051174163818,0.016654014587402344,0.21356214582920074,4.9808783531188965,6,0,5,GCGAA,GGGAA
7,Janzen_2022_fam1b1_ribozyme_8,wt_state,wt,2787,0.36118876934051514,2.2064735889434814,1.5x,1.5,0.028288602828979492,0.22706079483032227,0.0460817813873291,0.21356117725372314,8.291152954101562,20,0,6,GGGAAU,GGCAAU
1,Janzen_2022_fam1b1_ribozyme_8,wt_state,wt,4652,0.25228288769721985,0.3152042329311371,2x,2.0,0.025799155235290527,0.012142539024353027,0.003538846969604492,0.212145134806633,2.696373462677002,65,0,5,GGGAA,GUGAA
7,Janzen_2022_fam1b1_ribozyme_8,mutant_state,mutant,2363,0.1814049482345581,0.4573613703250885,2.5x,2.5,0.025434494018554688,-0.17333769798278809,0.016143202781677246,0.22733469307422638,3.5033226013183594,42,0,6,GGCAAU,GGGAAU
4,Janzen_2022_fam1b1_ribozyme_8,wt_state,wt,2952,0.23398220539093018,0.8031072616577148,0.5x,0.5,0.025390982627868652,0.8088663816452026,0.018181920051574707,0.21356117725372314,3.6677918434143066,12,0,6,GGGAAU,GGUAAU
5,Janzen_2022_fam1b1_ribozyme_16,wt_state,wt,3967,0.1389157772064209,1.3341082334518433,5x,5.0,0.024994254112243652,0.277077317237854,0.016457438468933105,0.26429006457328796,6.5426554679870605,69,8,15,AUCCACA,AUCUACA
1,Janzen_2022_fam1b1_ribozyme_8,wt_state,wt,3530,0.4255826771259308,0.8668007850646973,1x,1.0,0.024041175842285156,0.010384559631347656,0.024041175842285156,0.212145134806633,7.5733466148376465,12,0,5,GGGAA,GUGAA
6,Janzen_2022_fam1b1_ribozyme_8,wt_state,wt,3530,0.3039509654045105,0.8668007850646973,1x,1.0,0.024039745330810547,-0.37023091316223145,0.024041175842285156,0.212145134806633,7.5733466148376465,12,0,5,GGGAA,GAGAA
7,Janzen_2022_fam1b1_ribozyme_8,mutant_state,mutant,3444,0.3498607873916626,1.531203269958496,2.5x,2.5,0.02154088020324707,-0.1772313117980957,0.03500807285308838,0.22733469307422638,7.1107497215271,34,0,6,GGCAAU,GGGAAU
4,Janzen_2022_fam1b1_ribozyme_8,mutant_state,mutant,643,0.3383467197418213,0.9744771122932434,1.5x,1.5,0.02153933048248291,-0.7619360685348511,0.017227768898010254,0.20844848453998566,7.189754009246826,19,0,6,GGUAAU,GGGAAU
5,Janzen_2022_fam1b1_ribozyme_16,wt_state,wt,1814,0.10288417339324951,0.4600619971752167,2.5x,2.5,0.020936965942382812,0.27302002906799316,0.011042952537536621,0.2667478919029236,0.986951470375061,46,8,15,AUCCACA,AUCUACA
1,Janzen_2022_fam1b1_ribozyme_8,mutant_state,mutant,5929,0.7916388511657715,6.279412746429443,0x,0.0,0.020932435989379883,0.03458905220031738,0.0,0.2188793569803238,25.290645599365234,10,0,5,GUGAA,GGGAA
4,Janzen_2022_fam1b1_ribozyme_8,mutant_state,mutant,147,0.48458147048950195,2.2914581298828125,2x,2.0,0.020843029022216797,-0.7626323699951172,0.02374863624572754,0.20699059963226318,6.324372291564941,66,0,6,GGUAAU,GGGAAU
5,Janzen_2022_fam1b1_ribozyme_16,mutant_state,mutant,147,0.24046170711517334,1.8714145421981812,0.5x,0.5,0.0204087495803833,-0.23167431354522705,-0.001113295555114746,0.29026514291763306,5.525974273681641,44,8,15,AUCUACA,AUCCACA
7,Janzen_2022_fam1b1_ribozyme_8,wt_state,wt,6375,0.3903261423110962,1.651703953742981,1x,1.0,0.01911485195159912,0.2178870439529419,0.01319575309753418,0.21356117725372314,5.236943244934082,25,0,6,GGGAAU,GGCAAU
8,Janzen_2022_fam1b1_ribozyme_19,wt_state,wt,4949,0.3331284523010254,2.2220873832702637,10x,10.0,0.018904805183410645,-0.05058574676513672,-0.014873862266540527,0.24544255435466766,3.4214510917663574,70,2,9,GAAUGGA,GAAAGGA
3,Janzen_2022_fam1b1_ribozyme_8,mutant_state,mutant,2259,0.37074095010757446,0.8432195782661438,2x,2.0,0.018387913703918457,-0.28227126598358154,0.002697587013244629,0.24039193987846375,4.966106414794922,6,0,5,GCGAA,GGGAA
2,Janzen_2022_fam1b1_ribozyme_2,mutant_state,mutant,6410,0.27739882469177246,1.3707042932510376,2.5x,2.5,0.01827549934387207,-0.2560882568359375,0.009369492530822754,0.21590101718902588,2.332434892654419,7,0,5,GCGAA,GGGAA
1,Janzen_2022_fam1b1_ribozyme_8,wt_state,wt,8113,0.2532722055912018,0.6259011030197144,5x,5.0,0.013899922370910645,0.00024330615997314453,0.006997227668762207,0.21372586488723755,4.207993984222412,14,0,5,GGGAA,GUGAA
3,Janzen_2022_fam1b1_ribozyme_8,mutant_state,mutant,1625,0.2757304012775421,0.4274461567401886,0.5x,0.5,0.013461112976074219,-0.2871980667114258,-0.009652495384216309,0.23473192751407623,4.00214147567749,23,0,5,GCGAA,GGGAA
7,Janzen_2022_fam1b1_ribozyme_8,mutant_state,mutant,4244,0.22418498992919922,4.55163049697876,1x,1.0,0.013157248497009277,-0.1856149435043335,0.010885000228881836,0.22733469307422638,6.7761006355285645,59,0,6,GGCAAU,GGGAAU
9,Janzen_2022_fam1b1_ribozyme_19,wt_state,wt,1615,0.35618114471435547,1.6498597860336304,2.5x,2.5,0.012027978897094727,0.463454008102417,-0.007232069969177246,0.2277202308177948,4.858307361602783,12,0,4,GGGA,CGGA
4,Janzen_2022_fam1b1_ribozyme_8,mutant_state,mutant,6224,0.6543636322021484,3.534233808517456,0.5x,0.5,0.011721134185791016,-0.771754264831543,0.018865108489990234,0.20699059963226318,11.775129318237305,7,0,6,GGUAAU,GGGAAU
3,Janzen_2022_fam1b1_ribozyme_8,mutant_state,mutant,6339,0.2969749867916107,0.7351182103157043,2.5x,2.5,0.00968778133392334,-0.29097139835357666,-0.02167344093322754,0.24039193987846375,4.959819316864014,39,0,5,GCGAA,GGGAA
9,Janzen_2022_fam1b1_ribozyme_19,wt_state,wt,2420,0.2424732893705368,0.3971838057041168,1x,1.0,0.009119033813476562,0.46054506301879883,-0.008415460586547852,0.22581186890602112,2.2406461238861084,65,0,4,GGGA,CGGA
8,Janzen_2022_fam1b1_ribozyme_19,wt_state,wt,1315,0.31112128496170044,0.757230818271637,1x,1.0,0.008282065391540527,-0.061208486557006836,-0.0074291229248046875,0.24544259905815125,4.341009616851807,47,2,9,GAAUGGA,GAAAGGA
6,Janzen_2022_fam1b1_ribozyme_8,wt_state,wt,7691,0.3229672908782959,0.9664626121520996,10x,10.0,0.007306933403015137,-0.38696372509002686,0.00039267539978027344,0.21214507520198822,6.332875728607178,12,0,5,GGGAA,GAGAA
0,Janzen_2022_fam1b1_ribozyme_2,wt_state,wt,7357,0.2161160632967949,0.3354755938053131,2.5x,2.5,0.004540801048278809,-0.10482382774353027,0.0094224214553833,0.20925843715667725,2.714498519897461,66,0,5,GGGAA,GUGAA
0,Janzen_2022_fam1b1_ribozyme_2,wt_state,wt,2952,0.3027322292327881,1.3038889169692993,0.5x,0.5,0.002402067184448242,-0.10696256160736084,0.00709223747253418,0.2069915384054184,3.6573171615600586,33,0,5,GGGAA,GUGAA
6,Janzen_2022_fam1b1_ribozyme_8,wt_state,wt,5395,0.2935250997543335,0.5639817118644714,2x,2.0,0.0013660192489624023,-0.3929046392440796,-0.012151241302490234,0.212145134806633,2.261760950088501,12,0,5,GGGAA,GAGAA
9,Janzen_2022_fam1b1_ribozyme_19,wt_state,wt,252,0.3869953155517578,3.3063552379608154,0x,0.0,0.0010946989059448242,0.4525207281112671,-0.01816534996032715,0.22362098097801208,9.427989959716797,68,0,4,GGGA,CGGA
8,Janzen_2022_fam1b1_ribozyme_19,wt_state,wt,2420,0.2182505875825882,0.3971838057041168,0.5x,0.5,0.0002878904342651367,-0.06920266151428223,-0.0062408447265625,0.2439156025648117,2.2406461238861084,65,2,9,GAAUGGA,GAAAGGA
0,Janzen_2022_fam1b1_ribozyme_2,wt_state,wt,6489,0.23463207483291626,1.2243454456329346,no_steer,,0.0,-0.10936462879180908,0.0,0.20844948291778564,6.180110454559326,12,0,5,GGGAA,GUGAA
0,Janzen_2022_fam1b1_ribozyme_2,wt_state,wt,2234,0.21093720197677612,0.822847843170166,no_steer,,0.0,-0.10936462879180908,0.0,0.20844948291778564,4.5120697021484375,33,0,5,GGGAA,GUGAA
0,Janzen_2022_fam1b1_ribozyme_2,wt_state,wt,992,0.19558578729629517,0.8073568344116211,no_steer,,0.0,-0.10936462879180908,0.0,0.20844948291778564,3.1056625843048096,37,0,5,GGGAA,GUGAA
1,Janzen_2022_fam1b1_ribozyme_8,wt_state,wt,7357,0.25601139664649963,0.6347110271453857,no_steer,,0.0,-0.0136566162109375,0.0,0.21372586488723755,6.819727897644043,71,0,5,GGGAA,GUGAA
6,Janzen_2022_fam1b1_ribozyme_8,wt_state,wt,6705,0.2632121443748474,1.0680599212646484,no_steer,,0.0,-0.394270658493042,0.0,0.21372586488723755,5.029959678649902,20,0,5,GGGAA,GAGAA
8,Janzen_2022_fam1b1_ribozyme_19,wt_state,wt,3516,0.20808935165405273,1.3654474020004272,no_steer,,0.0,-0.06949055194854736,0.0,0.24544255435466766,7.610596656799316,65,2,9,GAAUGGA,GAAAGGA
8,Janzen_2022_fam1b1_ribozyme_19,wt_state,wt,4244,0.2071366310119629,4.345341205596924,no_steer,,0.0,-0.06949055194854736,0.0,0.24544255435466766,6.570920467376709,49,2,9,GAAUGGA,GAAAGGA
9,Janzen_2022_fam1b1_ribozyme_19,wt_state,wt,6224,0.41942834854125977,3.099616289138794,no_steer,,0.0,0.45142602920532227,0.0,0.2277202308177948,10.75611400604248,47,0,4,GGGA,CGGA
9,Janzen_2022_fam1b1_ribozyme_19,wt_state,wt,3571,0.24137526750564575,0.8437564373016357,no_steer,,0.0,0.45142602920532227,0.0,0.2277202308177948,1.3840246200561523,12,0,4,GGGA,CGGA
