source_row,sequence_id,sequence,experimental_value,log_likelihood
0,G2U_fitness_0.03584,GUAACACUAUCCGACUGCGGUCGGUGGAGAUGUAUAGUCUUAGGGUGAGGCUGG,0.00197,-77.61190593242645
1,G2C_fitness_0.00599,GCAACACUAUCCGACUGCGGUCGGUGGAGAUGUAUAGUCUUAGGGUGAGGCUGG,0.00148,-77.40660798549652
2,G2A_fitness_0.03043,GAAACACUAUCCGACUGCGGUCGGUGGAGAUGUAUAGUCUUAGGGUGAGGCUGG,0.00156,-77.45598262548447
3,A3U_fitness_0.00134,GGUACACUAUCCGACUGCGGUCGGUGGAGAUGUAUAGUCUUAGGGUGAGGCUGG,0.00149,-77.77972692251205
4,A3C_fitness_0.00108,GGCACACUAUCCGACUGCGGUCGGUGGAGAUGUAUAGUCUUAGGGUGAGGCUGG,0.0016,-77.38424849510193
5,A3G_fitness_0.00147,GGGACACUAUCCGACUGCGGUCGGUGGAGAUGUAUAGUCUUAGGGUGAGGCUGG,0.00137,-77.2605208158493
6,A4U_fitness_0.00108,GGAUCACUAUCCGACUGCGGUCGGUGGAGAUGUAUAGUCUUAGGGUGAGGCUGG,0.00284,-77.3474246263504
7,A4C_fitness_0.00138,GGACCACUAUCCGACUGCGGUCGGUGGAGAUGUAUAGUCUUAGGGUGAGGCUGG,0.00162,-77.53236430883408
8,A4G_fitness_0.00578,GGAGCACUAUCCGACUGCGGUCGGUGGAGAUGUAUAGUCUUAGGGUGAGGCUGG,0.00144,-77.45125931501389
9,C5U_fitness_0.00258,GGAAUACUAUCCGACUGCGGUCGGUGGAGAUGUAUAGUCUUAGGGUGAGGCUGG,0.00124,-77.96832919120789
10,C5G_fitness_0.00138,GGAAGACUAUCCGACUGCGGUCGGUGGAGAUGUAUAGUCUUAGGGUGAGGCUGG,0.01113,-76.8412481546402
11,C5A_fitness_0.00137,GGAAAACUAUCCGACUGCGGUCGGUGGAGAUGUAUAGUCUUAGGGUGAGGCUGG,0.01175,-76.91132807731628
12,A6U_fitness_0.00125,GGAACUCUAUCCGACUGCGGUCGGUGGAGAUGUAUAGUCUUAGGGUGAGGCUGG,0.00639,-77.31912696361542
13,A6C_fitness_0.00142,GGAACCCUAUCCGACUGCGGUCGGUGGAGAUGUAUAGUCUUAGGGUGAGGCUGG,0.00724,-77.23199850320816
14,A6G_fitness_0.00184,GGAACGCUAUCCGACUGCGGUCGGUGGAGAUGUAUAGUCUUAGGGUGAGGCUGG,0.00176,-77.42734575271606
15,C7U_fitness_0.00756,GGAACAUUAUCCGACUGCGGUCGGUGGAGAUGUAUAGUCUUAGGGUGAGGCUGG,0.01082,-77.27246928215027
16,C7G_fitness_0.00872,GGAACAGUAUCCGACUGCGGUCGGUGGAGAUGUAUAGUCUUAGGGUGAGGCUGG,0.03777,-76.87351644039154
17,C7A_fitness_0.01106,GGAACAAUAUCCGACUGCGGUCGGUGGAGAUGUAUAGUCUUAGGGUGAGGCUGG,0.02211,-77.25559747219086
18,U8C_fitness_0.01258,GGAACACCAUCCGACUGCGGUCGGUGGAGAUGUAUAGUCUUAGGGUGAGGCUGG,0.03147,-77.212331533432
19,U8G_fitness_0.01555,GGAACACGAUCCGACUGCGGUCGGUGGAGAUGUAUAGUCUUAGGGUGAGGCUGG,0.01673,-77.02098387479782
20,U8A_fitness_0.02618,GGAACACAAUCCGACUGCGGUCGGUGGAGAUGUAUAGUCUUAGGGUGAGGCUGG,0.01986,-76.98062098026276
21,A9U_fitness_0.00140,GGAACACUUUCCGACUGCGGUCGGUGGAGAUGUAUAGUCUUAGGGUGAGGCUGG,0.02341,-76.68706089258194
22,A9C_fitness_0.00178,GGAACACUCUCCGACUGCGGUCGGUGGAGAUGUAUAGUCUUAGGGUGAGGCUGG,0.03043,-76.96156537532806
23,A9G_fitness_0.00161,GGAACACUGUCCGACUGCGGUCGGUGGAGAUGUAUAGUCUUAGGGUGAGGCUGG,0.04151,-76.75799202919006
24,U10C_fitness_0.00886,GGAACACUACCCGACUGCGGUCGGUGGAGAUGUAUAGUCUUAGGGUGAGGCUGG,0.00578,-77.36900967359543
25,U10G_fitness_0.03398,GGAACACUAGCCGACUGCGGUCGGUGGAGAUGUAUAGUCUUAGGGUGAGGCUGG,0.00135,-77.79293918609619
26,U10A_fitness_0.02341,GGAACACUAACCGACUGCGGUCGGUGGAGAUGUAUAGUCUUAGGGUGAGGCUGG,0.00224,-77.05943834781647
27,C11U_fitness_0.02251,GGAACACUAUUCGACUGCGGUCGGUGGAGAUGUAUAGUCUUAGGGUGAGGCUGG,0.00134,-77.85751986503601
28,C11G_fitness_0.00332,GGAACACUAUGCGACUGCGGUCGGUGGAGAUGUAUAGUCUUAGGGUGAGGCUGG,0.00316,-77.70364797115326
29,C11A_fitness_0.00224,GGAACACUAUACGACUGCGGUCGGUGGAGAUGUAUAGUCUUAGGGUGAGGCUGG,0.00116,-78.0898494720459
30,C12U_fitness_0.04278,GGAACACUAUCUGACUGCGGUCGGUGGAGAUGUAUAGUCUUAGGGUGAGGCUGG,0.02294,-76.7746554017067
31,C12G_fitness_0.01673,GGAACACUAUCGGACUGCGGUCGGUGGAGAUGUAUAGUCUUAGGGUGAGGCUGG,0.0047,-77.49228918552399
32,C12A_fitness_0.01113,GGAACACUAUCAGACUGCGGUCGGUGGAGAUGUAUAGUCUUAGGGUGAGGCUGG,0.02341,-76.97545832395554
33,G13U_fitness_0.02565,GGAACACUAUCCUACUGCGGUCGGUGGAGAUGUAUAGUCUUAGGGUGAGGCUGG,0.00145,-77.44027310609818
34,G13C_fitness_0.00846,GGAACACUAUCCCACUGCGGUCGGUGGAGAUGUAUAGUCUUAGGGUGAGGCUGG,0.00639,-77.05482882261276
35,G13A_fitness_0.01188,GGAACACUAUCCAACUGCGGUCGGUGGAGAUGUAUAGUCUUAGGGUGAGGCUGG,0.00198,-77.59001076221466
36,A14U_fitness_0.00724,GGAACACUAUCCGUCUGCGGUCGGUGGAGAUGUAUAGUCUUAGGGUGAGGCUGG,0.00639,-77.25722306966782
37,A14C_fitness_0.01238,GGAACACUAUCCGCCUGCGGUCGGUGGAGAUGUAUAGUCUUAGGGUGAGGCUGG,0.0047,-77.56806987524033
38,A14G_fitness_0.05450,GGAACACUAUCCGGCUGCGGUCGGUGGAGAUGUAUAGUCUUAGGGUGAGGCUGG,0.03071,-76.91990387439728
39,C15U_fitness_0.04637,GGAACACUAUCCGAUUGCGGUCGGUGGAGAUGUAUAGUCUUAGGGUGAGGCUGG,0.00142,-77.93611979484558
40,C15G_fitness_0.03147,GGAACACUAUCCGAGUGCGGUCGGUGGAGAUGUAUAGUCUUAGGGUGAGGCUGG,0.00872,-77.5972546339035
41,C15A_fitness_0.00675,GGAACACUAUCCGAAUGCGGUCGGUGGAGAUGUAUAGUCUUAGGGUGAGGCUGG,0.00178,-77.70676457881927
42,U16C_fitness_0.04830,GGAACACUAUCCGACCGCGGUCGGUGGAGAUGUAUAGUCUUAGGGUGAGGCUGG,0.00145,-78.29114365577698
43,U16G_fitness_0.00727,GGAACACUAUCCGACGGCGGUCGGUGGAGAUGUAUAGUCUUAGGGUGAGGCUGG,0.00147,-77.67966890335083
44,U16A_fitness_0.03706,GGAACACUAUCCGACAGCGGUCGGUGGAGAUGUAUAGUCUUAGGGUGAGGCUGG,0.00599,-77.4862619638443
45,G17U_fitness_0.04434,GGAACACUAUCCGACUUCGGUCGGUGGAGAUGUAUAGUCUUAGGGUGAGGCUGG,0.00137,-77.87051808834076
46,G17C_fitness_0.04127,GGAACACUAUCCGACUCCGGUCGGUGGAGAUGUAUAGUCUUAGGGUGAGGCUGG,0.00333,-77.6826856136322
47,G17A_fitness_0.03988,GGAACACUAUCCGACUACGGUCGGUGGAGAUGUAUAGUCUUAGGGUGAGGCUGG,0.00108,-78.67197263240814
48,U46A_fitness_0.00119,GGAACACUAUCCGACUGCGGUCGGUGGAGAUGUAUAGUCUUAGGGAGAGGCUGG,0.01986,-76.95913875102997
49,U46G_fitness_0.00160,GGAACACUAUCCGACUGCGGUCGGUGGAGAUGUAUAGUCUUAGGGGGAGGCUGG,0.0047,-77.30341815948486
50,U46C_fitness_0.00106,GGAACACUAUCCGACUGCGGUCGGUGGAGAUGUAUAGUCUUAGGGCGAGGCUGG,0.00135,-77.85394620895386
51,G45A_fitness_0.00127,GGAACACUAUCCGACUGCGGUCGGUGGAGAUGUAUAGUCUUAGGAUGAGGCUGG,0.00669,-77.6039405465126
52,G45C_fitness_0.00090,GGAACACUAUCCGACUGCGGUCGGUGGAGAUGUAUAGUCUUAGGCUGAGGCUGG,0.0421,-77.02793455123901
53,G45U_fitness_0.00130,GGAACACUAUCCGACUGCGGUCGGUGGAGAUGUAUAGUCUUAGGUUGAGGCUGG,0.00361,-77.5822890996933
54,G44A_fitness_0.04846,GGAACACUAUCCGACUGCGGUCGGUGGAGAUGUAUAGUCUUAGAGUGAGGCUGG,0.00316,-77.53711956739426
55,G44C_fitness_0.00355,GGAACACUAUCCGACUGCGGUCGGUGGAGAUGUAUAGUCUUAGCGUGAGGCUGG,0.00127,-77.84295225143433
56,G44U_fitness_0.00156,GGAACACUAUCCGACUGCGGUCGGUGGAGAUGUAUAGUCUUAGUGUGAGGCUGG,0.00284,-77.60338032245636
57,G43A_fitness_0.10681,GGAACACUAUCCGACUGCGGUCGGUGGAGAUGUAUAGUCUUAAGGUGAGGCUGG,0.00355,-77.4964702129364
58,G43C_fitness_0.00198,GGAACACUAUCCGACUGCGGUCGGUGGAGAUGUAUAGUCUUACGGUGAGGCUGG,0.0014,-77.66437637805939
59,G43U_fitness_0.00148,GGAACACUAUCCGACUGCGGUCGGUGGAGAUGUAUAGUCUUAUGGUGAGGCUGG,0.00283,-77.48084020614624
60,A42G_fitness_0.01082,GGAACACUAUCCGACUGCGGUCGGUGGAGAUGUAUAGUCUUGGGGUGAGGCUGG,0.0421,-76.90104502439499
61,A42C_fitness_0.00284,GGAACACUAUCCGACUGCGGUCGGUGGAGAUGUAUAGUCUUCGGGUGAGGCUGG,0.01673,-77.1123298406601
62,A42U_fitness_0.02211,GGAACACUAUCCGACUGCGGUCGGUGGAGAUGUAUAGUCUUUGGGUGAGGCUGG,0.03071,-76.73146915435791
63,U41A_fitness_0.00138,GGAACACUAUCCGACUGCGGUCGGUGGAGAUGUAUAGUCUAAGGGUGAGGCUGG,0.00578,-77.46201527118683
64,U41G_fitness_0.00110,GGAACACUAUCCGACUGCGGUCGGUGGAGAUGUAUAGUCUGAGGGUGAGGCUGG,0.10681,-76.12298280000687
65,U41C_fitness_0.00142,GGAACACUAUCCGACUGCGGUCGGUGGAGAUGUAUAGUCUCAGGGUGAGGCUGG,0.0483,-76.81774097681046
66,U40A_fitness_0.00612,GGAACACUAUCCGACUGCGGUCGGUGGAGAUGUAUAGUCAUAGGGUGAGGCUGG,0.00578,-77.18799394369125
67,U40G_fitness_0.00162,GGAACACUAUCCGACUGCGGUCGGUGGAGAUGUAUAGUCGUAGGGUGAGGCUGG,0.00355,-77.35406410694122
68,U40C_fitness_0.00072,GGAACACUAUCCGACUGCGGUCGGUGGAGAUGUAUAGUCCUAGGGUGAGGCUGG,0.0047,-77.52747792005539
69,C39A_fitness_0.00450,GGAACACUAUCCGACUGCGGUCGGUGGAGAUGUAUAGUAUUAGGGUGAGGCUGG,0.00184,-77.16031873226166
70,C39G_fitness_0.00135,GGAACACUAUCCGACUGCGGUCGGUGGAGAUGUAUAGUGUUAGGGUGAGGCUGG,0.02565,-76.73660546541214
71,C39U_fitness_0.01175,GGAACACUAUCCGACUGCGGUCGGUGGAGAUGUAUAGUUUUAGGGUGAGGCUGG,0.01188,-76.92031013965607
72,U38A_fitness_0.00145,GGAACACUAUCCGACUGCGGUCGGUGGAGAUGUAUAGACUUAGGGUGAGGCUGG,0.00846,-77.56116497516632
73,U38G_fitness_0.00116,GGAACACUAUCCGACUGCGGUCGGUGGAGAUGUAUAGGCUUAGGGUGAGGCUGG,0.04637,-76.58976626396179
74,U38C_fitness_0.00116,GGAACACUAUCCGACUGCGGUCGGUGGAGAUGUAUAGCCUUAGGGUGAGGCUGG,0.01986,-77.36991620063782
75,G37A_fitness_0.01286,GGAACACUAUCCGACUGCGGUCGGUGGAGAUGUAUAAUCUUAGGGUGAGGCUGG,0.00178,-77.91637527942657
76,G37C_fitness_0.00124,GGAACACUAUCCGACUGCGGUCGGUGGAGAUGUAUACUCUUAGGGUGAGGCUGG,0.00138,-77.78699088096619
77,G37U_fitness_0.00425,GGAACACUAUCCGACUGCGGUCGGUGGAGAUGUAUAUUCUUAGGGUGAGGCUGG,0.00675,-77.31900835037231
78,A36G_fitness_0.00361,GGAACACUAUCCGACUGCGGUCGGUGGAGAUGUAUGGUCUUAGGGUGAGGCUGG,0.04148,-76.88362765312195
79,A36C_fitness_0.00177,GGAACACUAUCCGACUGCGGUCGGUGGAGAUGUAUCGUCUUAGGGUGAGGCUGG,0.00183,-77.93201792240143
80,A36U_fitness_0.00167,GGAACACUAUCCGACUGCGGUCGGUGGAGAUGUAUUGUCUUAGGGUGAGGCUGG,0.01286,-77.36818945407867
81,U35A_fitness_0.00283,GGAACACUAUCCGACUGCGGUCGGUGGAGAUGUAAAGUCUUAGGGUGAGGCUGG,0.0545,-76.7777190208435
82,U35G_fitness_0.00120,GGAACACUAUCCGACUGCGGUCGGUGGAGAUGUAGAGUCUUAGGGUGAGGCUGG,0.10681,-76.57474941015244
83,U35C_fitness_0.00131,GGAACACUAUCCGACUGCGGUCGGUGGAGAUGUACAGUCUUAGGGUGAGGCUGG,0.04637,-76.98087710142136
84,A34G_fitness_0.01769,GGAACACUAUCCGACUGCGGUCGGUGGAGAUGUGUAGUCUUAGGGUGAGGCUGG,0.04775,-76.9889167547226
85,A34C_fitness_0.00197,GGAACACUAUCCGACUGCGGUCGGUGGAGAUGUCUAGUCUUAGGGUGAGGCUGG,0.02565,-77.03610897064209
86,A34U_fitness_0.00270,GGAACACUAUCCGACUGCGGUCGGUGGAGAUGUUUAGUCUUAGGGUGAGGCUGG,0.02841,-76.90513759851456
87,U33A_fitness_0.06597,GGAACACUAUCCGACUGCGGUCGGUGGAGAUGAAUAGUCUUAGGGUGAGGCUGG,0.03071,-77.45216763019562
88,U33G_fitness_0.01215,GGAACACUAUCCGACUGCGGUCGGUGGAGAUGGAUAGUCUUAGGGUGAGGCUGG,0.04151,-76.82520973682404
89,U33C_fitness_0.03071,GGAACACUAUCCGACUGCGGUCGGUGGAGAUGCAUAGUCUUAGGGUGAGGCUGG,0.00886,-77.32338792085648
90,G32A_fitness_0.04775,GGAACACUAUCCGACUGCGGUCGGUGGAGAUAUAUAGUCUUAGGGUGAGGCUGG,0.00162,-77.59474670886993
91,G32C_fitness_0.00178,GGAACACUAUCCGACUGCGGUCGGUGGAGAUCUAUAGUCUUAGGGUGAGGCUGG,0.00178,-77.75105309486389
92,G32U_fitness_0.00470,GGAACACUAUCCGACUGCGGUCGGUGGAGAUUUAUAGUCUUAGGGUGAGGCUGG,0.00284,-77.417799949646
93,U31A_fitness_0.00126,GGAACACUAUCCGACUGCGGUCGGUGGAGAAGUAUAGUCUUAGGGUGAGGCUGG,0.00578,-77.51355731487274
94,U31G_fitness_0.00134,GGAACACUAUCCGACUGCGGUCGGUGGAGAGGUAUAGUCUUAGGGUGAGGCUGG,0.00361,-77.17330288887024
95,U31C_fitness_0.04853,GGAACACUAUCCGACUGCGGUCGGUGGAGACGUAUAGUCUUAGGGUGAGGCUGG,0.00127,-77.9983344078064
96,A30G_fitness_0.00138,GGAACACUAUCCGACUGCGGUCGGUGGAGGUGUAUAGUCUUAGGGUGAGGCUGG,0.00332,-77.29059314727783
97,A30C_fitness_0.00183,GGAACACUAUCCGACUGCGGUCGGUGGAGCUGUAUAGUCUUAGGGUGAGGCUGG,0.03777,-77.32726222276688
98,A30U_fitness_0.00135,GGAACACUAUCCGACUGCGGUCGGUGGAGUUGUAUAGUCUUAGGGUGAGGCUGG,0.00138,-77.55966436862946
99,G29A_fitness_0.00125,GGAACACUAUCCGACUGCGGUCGGUGGAAAUGUAUAGUCUUAGGGUGAGGCUGG,0.00142,-77.66116166114807
100,G29C_fitness_0.00122,GGAACACUAUCCGACUGCGGUCGGUGGACAUGUAUAGUCUUAGGGUGAGGCUGG,0.00108,-78.15389215946198
101,G29U_fitness_0.00162,GGAACACUAUCCGACUGCGGUCGGUGGAUAUGUAUAGUCUUAGGGUGAGGCUGG,0.00116,-78.01586055755615
102,A28G_fitness_0.01986,GGAACACUAUCCGACUGCGGUCGGUGGGGAUGUAUAGUCUUAGGGUGAGGCUGG,0.00332,-77.56720077991486
103,A28C_fitness_0.00227,GGAACACUAUCCGACUGCGGUCGGUGGCGAUGUAUAGUCUUAGGGUGAGGCUGG,0.0013,-78.26377630233765
104,A28U_fitness_0.00149,GGAACACUAUCCGACUGCGGUCGGUGGUGAUGUAUAGUCUUAGGGUGAGGCUGG,0.00283,-77.53035724163055
105,G27A_fitness_0.00300,GGAACACUAUCCGACUGCGGUCGGUGAAGAUGUAUAGUCUUAGGGUGAGGCUGG,0.00135,-78.05494689941406
106,G27C_fitness_0.00134,GGAACACUAUCCGACUGCGGUCGGUGCAGAUGUAUAGUCUUAGGGUGAGGCUGG,0.00142,-77.54004311561584
107,G27U_fitness_0.00176,GGAACACUAUCCGACUGCGGUCGGUGUAGAUGUAUAGUCUUAGGGUGAGGCUGG,0.00108,-77.9583889245987
108,G26A_fitness_0.00307,GGAACACUAUCCGACUGCGGUCGGUAGAGAUGUAUAGUCUUAGGGUGAGGCUGG,0.00116,-78.0096150636673
109,G26C_fitness_0.00140,GGAACACUAUCCGACUGCGGUCGGUCGAGAUGUAUAGUCUUAGGGUGAGGCUGG,0.0009,-78.2664840221405
110,G26U_fitness_0.00144,GGAACACUAUCCGACUGCGGUCGGUUGAGAUGUAUAGUCUUAGGGUGAGGCUGG,0.00116,-78.10798513889313
111,U25A_fitness_0.01474,GGAACACUAUCCGACUGCGGUCGGAGGAGAUGUAUAGUCUUAGGGUGAGGCUGG,0.04148,-77.32235568761826
112,U25G_fitness_0.00636,GGAACACUAUCCGACUGCGGUCGGGGGAGAUGUAUAGUCUUAGGGUGAGGCUGG,0.00669,-77.31577789783478
113,U25C_fitness_0.00732,GGAACACUAUCCGACUGCGGUCGGCGGAGAUGUAUAGUCUUAGGGUGAGGCUGG,0.00184,-77.73240780830383
114,G24A_fitness_0.00569,GGAACACUAUCCGACUGCGGUCGAUGGAGAUGUAUAGUCUUAGGGUGAGGCUGG,0.00162,-78.17955660820007
115,G24C_fitness_0.00316,GGAACACUAUCCGACUGCGGUCGCUGGAGAUGUAUAGUCUUAGGGUGAGGCUGG,0.00727,-77.5722326040268
116,G24U_fitness_0.00976,GGAACACUAUCCGACUGCGGUCGUUGGAGAUGUAUAGUCUUAGGGUGAGGCUGG,0.00135,-77.95730900764465
117,G23A_fitness_0.00669,GGAACACUAUCCGACUGCGGUCAGUGGAGAUGUAUAGUCUUAGGGUGAGGCUGG,0.01286,-77.48632478713989
118,G23C_fitness_0.00230,GGAACACUAUCCGACUGCGGUCCGUGGAGAUGUAUAGUCUUAGGGUGAGGCUGG,0.00138,-78.1233742237091
119,G23U_fitness_0.00753,GGAACACUAUCCGACUGCGGUCUGUGGAGAUGUAUAGUCUUAGGGUGAGGCUGG,0.03777,-76.94544267654419
120,C22A_fitness_0.01124,GGAACACUAUCCGACUGCGGUAGGUGGAGAUGUAUAGUCUUAGGGUGAGGCUGG,0.0023,-77.56339204311371
121,C22G_fitness_0.01740,GGAACACUAUCCGACUGCGGUGGGUGGAGAUGUAUAGUCUUAGGGUGAGGCUGG,0.04075,-76.81221801042557
122,C22U_fitness_0.02841,GGAACACUAUCCGACUGCGGUUGGUGGAGAUGUAUAGUCUUAGGGUGAGGCUGG,0.02066,-77.00672823190689
123,U21A_fitness_0.00333,GGAACACUAUCCGACUGCGGACGGUGGAGAUGUAUAGUCUUAGGGUGAGGCUGG,0.00569,-78.00372123718262
124,U21G_fitness_0.02294,GGAACACUAUCCGACUGCGGGCGGUGGAGAUGUAUAGUCUUAGGGUGAGGCUGG,0.01238,-77.46748852729797
125,U21C_fitness_0.02066,GGAACACUAUCCGACUGCGGCCGGUGGAGAUGUAUAGUCUUAGGGUGAGGCUGG,0.0174,-77.58775740861893
126,G20A_fitness_0.03777,GGAACACUAUCCGACUGCGAUCGGUGGAGAUGUAUAGUCUUAGGGUGAGGCUGG,0.0014,-78.0623391866684
127,G20C_fitness_0.00639,GGAACACUAUCCGACUGCGCUCGGUGGAGAUGUAUAGUCUUAGGGUGAGGCUGG,0.00307,-77.7736827135086
128,G20U_fitness_0.04210,GGAACACUAUCCGACUGCGUUCGGUGGAGAUGUAUAGUCUUAGGGUGAGGCUGG,0.00156,-78.06846070289612
129,G19A_fitness_0.04277,GGAACACUAUCCGACUGCAGUCGGUGGAGAUGUAUAGUCUUAGGGUGAGGCUGG,0.01175,-77.16762214899063
130,G19C_fitness_0.04148,GGAACACUAUCCGACUGCCGUCGGUGGAGAUGUAUAGUCUUAGGGUGAGGCUGG,0.00176,-78.14199209213257
131,G19U_fitness_0.04375,GGAACACUAUCCGACUGCUGUCGGUGGAGAUGUAUAGUCUUAGGGUGAGGCUGG,0.02841,-77.20332145690918
132,C18A_fitness_0.04075,GGAACACUAUCCGACUGAGGUCGGUGGAGAUGUAUAGUCUUAGGGUGAGGCUGG,0.04075,-77.26453113555908
133,C18G_fitness_0.04151,GGAACACUAUCCGACUGGGGUCGGUGGAGAUGUAUAGUCUUAGGGUGAGGCUGG,0.00732,-77.1541588306427
134,C18U_fitness_0.04324,GGAACACUAUCCGACUGUGGUCGGUGGAGAUGUAUAGUCUUAGGGUGAGGCUGG,0.02565,-77.20995342731476
