group,assay,model,metric,input_table,execution,fresh_run_this_release
ncRNA,Milena_2021_cata,ERNIE-RNA_checkpoint_score,0.005184387667934,notebooks/prediction/data/ncRNA_13datasets_spearman.csv,archived_metric,False
ncRNA,Milena_2021_cata,aido_score,0.0018688124358107,notebooks/prediction/data/ncRNA_13datasets_spearman.csv,archived_metric,False
ncRNA,Milena_2021_cata,codonfm_1b_score,0.0307646538062322,notebooks/prediction/data/ncRNA_13datasets_spearman.csv,archived_metric,False
ncRNA,Milena_2021_cata,codonfm_600m_score,0.0043548697100812,notebooks/prediction/data/ncRNA_13datasets_spearman.csv,archived_metric,False
ncRNA,Milena_2021_cata,codongpt_score,0.2299493192068841,notebooks/prediction/data/ncRNA_13datasets_spearman.csv,archived_metric,False
ncRNA,Milena_2021_cata,eva_1.4b_score,0.8360456283218484,notebooks/prediction/data/ncRNA_13datasets_spearman.csv,archived_metric,False
ncRNA,Milena_2021_cata,eva_21m_score,0.5074679659247847,notebooks/prediction/data/ncRNA_13datasets_spearman.csv,archived_metric,False
ncRNA,Milena_2021_cata,evo2_1b_score,0.1045994240234513,notebooks/prediction/data/ncRNA_13datasets_spearman.csv,archived_metric,False
ncRNA,Milena_2021_cata,evo2_40b_score,0.0929918573356688,notebooks/prediction/data/ncRNA_13datasets_spearman.csv,archived_metric,False
ncRNA,Milena_2021_cata,evo2_7b_score,0.328856813298506,notebooks/prediction/data/ncRNA_13datasets_spearman.csv,archived_metric,False
ncRNA,Milena_2021_cata,gena_score,0.0207325954040731,notebooks/prediction/data/ncRNA_13datasets_spearman.csv,archived_metric,False
ncRNA,Milena_2021_cata,generrna_score,0.141561322161207,notebooks/prediction/data/ncRNA_13datasets_spearman.csv,archived_metric,False
ncRNA,Milena_2021_cata,rnabert_score,0.1659485925376621,notebooks/prediction/data/ncRNA_13datasets_spearman.csv,archived_metric,False
ncRNA,Milena_2021_cata,rnafm_score,0.1683931748623127,notebooks/prediction/data/ncRNA_13datasets_spearman.csv,archived_metric,False
ncRNA,Milena_2021_cata,rnamsm_score,0.1570339180723192,notebooks/prediction/data/ncRNA_13datasets_spearman.csv,archived_metric,False
ncRNA,Zuo_2023_okra,ERNIE-RNA_checkpoint_score,0.0898829696580422,notebooks/prediction/data/ncRNA_13datasets_spearman.csv,archived_metric,False
ncRNA,Zuo_2023_okra,aido_score,0.2590000565896124,notebooks/prediction/data/ncRNA_13datasets_spearman.csv,archived_metric,False
ncRNA,Zuo_2023_okra,codonfm_1b_score,0.133522465894738,notebooks/prediction/data/ncRNA_13datasets_spearman.csv,archived_metric,False
ncRNA,Zuo_2023_okra,codonfm_600m_score,0.0664346958722969,notebooks/prediction/data/ncRNA_13datasets_spearman.csv,archived_metric,False
ncRNA,Zuo_2023_okra,codongpt_score,0.19297301209766,notebooks/prediction/data/ncRNA_13datasets_spearman.csv,archived_metric,False
ncRNA,Zuo_2023_okra,eva_1.4b_score,0.6094174648473821,notebooks/prediction/data/ncRNA_13datasets_spearman.csv,archived_metric,False
ncRNA,Zuo_2023_okra,eva_21m_score,0.4833414264340003,notebooks/prediction/data/ncRNA_13datasets_spearman.csv,archived_metric,False
ncRNA,Zuo_2023_okra,evo2_1b_score,0.0122069676056712,notebooks/prediction/data/ncRNA_13datasets_spearman.csv,archived_metric,False
ncRNA,Zuo_2023_okra,evo2_40b_score,0.0024523467207679,notebooks/prediction/data/ncRNA_13datasets_spearman.csv,archived_metric,False
ncRNA,Zuo_2023_okra,evo2_7b_score,0.4006535163124853,notebooks/prediction/data/ncRNA_13datasets_spearman.csv,archived_metric,False
ncRNA,Zuo_2023_okra,gena_score,0.116301274929156,notebooks/prediction/data/ncRNA_13datasets_spearman.csv,archived_metric,False
ncRNA,Zuo_2023_okra,generrna_score,0.2563919196969988,notebooks/prediction/data/ncRNA_13datasets_spearman.csv,archived_metric,False
ncRNA,Zuo_2023_okra,rnabert_score,0.3140413123520714,notebooks/prediction/data/ncRNA_13datasets_spearman.csv,archived_metric,False
ncRNA,Zuo_2023_okra,rnafm_score,0.0479156760223523,notebooks/prediction/data/ncRNA_13datasets_spearman.csv,archived_metric,False
ncRNA,Zuo_2023_okra,rnamsm_score,0.1393003002549296,notebooks/prediction/data/ncRNA_13datasets_spearman.csv,archived_metric,False
ncRNA,Li_2023_clivia,ERNIE-RNA_checkpoint_score,0.0150003826677041,notebooks/prediction/data/ncRNA_13datasets_spearman.csv,archived_metric,False
ncRNA,Li_2023_clivia,aido_score,0.0983698564058968,notebooks/prediction/data/ncRNA_13datasets_spearman.csv,archived_metric,False
ncRNA,Li_2023_clivia,codonfm_1b_score,0.2527615501217909,notebooks/prediction/data/ncRNA_13datasets_spearman.csv,archived_metric,False
ncRNA,Li_2023_clivia,codonfm_600m_score,-0.0036735631022949,notebooks/prediction/data/ncRNA_13datasets_spearman.csv,archived_metric,False
ncRNA,Li_2023_clivia,codongpt_score,0.2606188934239216,notebooks/prediction/data/ncRNA_13datasets_spearman.csv,archived_metric,False
ncRNA,Li_2023_clivia,eva_1.4b_score,0.5685859334996443,notebooks/prediction/data/ncRNA_13datasets_spearman.csv,archived_metric,False
ncRNA,Li_2023_clivia,eva_21m_score,0.308171126914739,notebooks/prediction/data/ncRNA_13datasets_spearman.csv,archived_metric,False
ncRNA,Li_2023_clivia,evo2_1b_score,0.2632787390538618,notebooks/prediction/data/ncRNA_13datasets_spearman.csv,archived_metric,False
ncRNA,Li_2023_clivia,evo2_40b_score,0.198647788323827,notebooks/prediction/data/ncRNA_13datasets_spearman.csv,archived_metric,False
ncRNA,Li_2023_clivia,evo2_7b_score,0.3147259940870586,notebooks/prediction/data/ncRNA_13datasets_spearman.csv,archived_metric,False
ncRNA,Li_2023_clivia,gena_score,-0.1893925866072038,notebooks/prediction/data/ncRNA_13datasets_spearman.csv,archived_metric,False
ncRNA,Li_2023_clivia,generrna_score,0.0830144396202777,notebooks/prediction/data/ncRNA_13datasets_spearman.csv,archived_metric,False
ncRNA,Li_2023_clivia,rnabert_score,0.15010587009655,notebooks/prediction/data/ncRNA_13datasets_spearman.csv,archived_metric,False
ncRNA,Li_2023_clivia,rnafm_score,0.3649072681612936,notebooks/prediction/data/ncRNA_13datasets_spearman.csv,archived_metric,False
ncRNA,Li_2023_clivia,rnamsm_score,0.0626546595780297,notebooks/prediction/data/ncRNA_13datasets_spearman.csv,archived_metric,False
ncRNA,Chen_2024_myo,ERNIE-RNA_checkpoint_score,0.0258427769052024,notebooks/prediction/data/ncRNA_13datasets_spearman.csv,archived_metric,False
ncRNA,Chen_2024_myo,aido_score,0.1976588629630587,notebooks/prediction/data/ncRNA_13datasets_spearman.csv,archived_metric,False
ncRNA,Chen_2024_myo,codonfm_1b_score,0.2049322561059935,notebooks/prediction/data/ncRNA_13datasets_spearman.csv,archived_metric,False
ncRNA,Chen_2024_myo,codonfm_600m_score,0.1715811898548548,notebooks/prediction/data/ncRNA_13datasets_spearman.csv,archived_metric,False
ncRNA,Chen_2024_myo,codongpt_score,0.2596085419296121,notebooks/prediction/data/ncRNA_13datasets_spearman.csv,archived_metric,False
ncRNA,Chen_2024_myo,eva_1.4b_score,0.5607475714648744,notebooks/prediction/data/ncRNA_13datasets_spearman.csv,archived_metric,False
ncRNA,Chen_2024_myo,eva_21m_score,0.5429374057873075,notebooks/prediction/data/ncRNA_13datasets_spearman.csv,archived_metric,False
ncRNA,Chen_2024_myo,evo2_1b_score,0.2772738040407986,notebooks/prediction/data/ncRNA_13datasets_spearman.csv,archived_metric,False
ncRNA,Chen_2024_myo,evo2_40b_score,0.0088137257368263,notebooks/prediction/data/ncRNA_13datasets_spearman.csv,archived_metric,False
ncRNA,Chen_2024_myo,evo2_7b_score,0.4151019277108576,notebooks/prediction/data/ncRNA_13datasets_spearman.csv,archived_metric,False
ncRNA,Chen_2024_myo,gena_score,0.0565575527351562,notebooks/prediction/data/ncRNA_13datasets_spearman.csv,archived_metric,False
ncRNA,Chen_2024_myo,generrna_score,0.0039701652882282,notebooks/prediction/data/ncRNA_13datasets_spearman.csv,archived_metric,False
ncRNA,Chen_2024_myo,rnabert_score,0.025681285765639,notebooks/prediction/data/ncRNA_13datasets_spearman.csv,archived_metric,False
ncRNA,Chen_2024_myo,rnafm_score,0.2129984239340578,notebooks/prediction/data/ncRNA_13datasets_spearman.csv,archived_metric,False
ncRNA,Chen_2024_myo,rnamsm_score,0.0942667824669807,notebooks/prediction/data/ncRNA_13datasets_spearman.csv,archived_metric,False
ncRNA,Michael_2014_tRNA,ERNIE-RNA_checkpoint_score,0.1281706104520731,notebooks/prediction/data/ncRNA_13datasets_spearman.csv,archived_metric,False
ncRNA,Michael_2014_tRNA,aido_score,0.0686563310320974,notebooks/prediction/data/ncRNA_13datasets_spearman.csv,archived_metric,False
ncRNA,Michael_2014_tRNA,codonfm_1b_score,0.0550322394398171,notebooks/prediction/data/ncRNA_13datasets_spearman.csv,archived_metric,False
ncRNA,Michael_2014_tRNA,codonfm_600m_score,0.0124107706419446,notebooks/prediction/data/ncRNA_13datasets_spearman.csv,archived_metric,False
ncRNA,Michael_2014_tRNA,codongpt_score,0.0860632021686178,notebooks/prediction/data/ncRNA_13datasets_spearman.csv,archived_metric,False
ncRNA,Michael_2014_tRNA,eva_1.4b_score,0.4444598310103087,notebooks/prediction/data/ncRNA_13datasets_spearman.csv,archived_metric,False
ncRNA,Michael_2014_tRNA,eva_21m_score,0.1274968086440788,notebooks/prediction/data/ncRNA_13datasets_spearman.csv,archived_metric,False
ncRNA,Michael_2014_tRNA,evo2_1b_score,0.1013665270317883,notebooks/prediction/data/ncRNA_13datasets_spearman.csv,archived_metric,False
ncRNA,Michael_2014_tRNA,evo2_40b_score,0.0908951194504154,notebooks/prediction/data/ncRNA_13datasets_spearman.csv,archived_metric,False
ncRNA,Michael_2014_tRNA,evo2_7b_score,0.3789479509979144,notebooks/prediction/data/ncRNA_13datasets_spearman.csv,archived_metric,False
ncRNA,Michael_2014_tRNA,gena_score,0.0047042576866649,notebooks/prediction/data/ncRNA_13datasets_spearman.csv,archived_metric,False
ncRNA,Michael_2014_tRNA,generrna_score,0.425285137588422,notebooks/prediction/data/ncRNA_13datasets_spearman.csv,archived_metric,False
ncRNA,Michael_2014_tRNA,rnabert_score,0.0700279922292784,notebooks/prediction/data/ncRNA_13datasets_spearman.csv,archived_metric,False
ncRNA,Michael_2014_tRNA,rnafm_score,0.2791190824280722,notebooks/prediction/data/ncRNA_13datasets_spearman.csv,archived_metric,False
ncRNA,Michael_2014_tRNA,rnamsm_score,0.0430604748940277,notebooks/prediction/data/ncRNA_13datasets_spearman.csv,archived_metric,False
ncRNA,Andreasson_2020_glms,ERNIE-RNA_checkpoint_score,0.0819660183943973,notebooks/prediction/data/ncRNA_13datasets_spearman.csv,archived_metric,False
ncRNA,Andreasson_2020_glms,aido_score,0.022560874846381,notebooks/prediction/data/ncRNA_13datasets_spearman.csv,archived_metric,False
ncRNA,Andreasson_2020_glms,codonfm_1b_score,0.043568495592121,notebooks/prediction/data/ncRNA_13datasets_spearman.csv,archived_metric,False
ncRNA,Andreasson_2020_glms,codonfm_600m_score,0.108294618280315,notebooks/prediction/data/ncRNA_13datasets_spearman.csv,archived_metric,False
ncRNA,Andreasson_2020_glms,codongpt_score,0.2117352228858331,notebooks/prediction/data/ncRNA_13datasets_spearman.csv,archived_metric,False
ncRNA,Andreasson_2020_glms,eva_1.4b_score,0.4315790476594433,notebooks/prediction/data/ncRNA_13datasets_spearman.csv,archived_metric,False
ncRNA,Andreasson_2020_glms,eva_21m_score,0.3342106200451238,notebooks/prediction/data/ncRNA_13datasets_spearman.csv,archived_metric,False
ncRNA,Andreasson_2020_glms,evo2_1b_score,0.0156307801753451,notebooks/prediction/data/ncRNA_13datasets_spearman.csv,archived_metric,False
ncRNA,Andreasson_2020_glms,evo2_40b_score,0.1577376572697214,notebooks/prediction/data/ncRNA_13datasets_spearman.csv,archived_metric,False
ncRNA,Andreasson_2020_glms,evo2_7b_score,0.2678351000320859,notebooks/prediction/data/ncRNA_13datasets_spearman.csv,archived_metric,False
ncRNA,Andreasson_2020_glms,gena_score,0.0181323478348527,notebooks/prediction/data/ncRNA_13datasets_spearman.csv,archived_metric,False
ncRNA,Andreasson_2020_glms,generrna_score,0.2878565085940788,notebooks/prediction/data/ncRNA_13datasets_spearman.csv,archived_metric,False
ncRNA,Andreasson_2020_glms,rnabert_score,0.1159615640070801,notebooks/prediction/data/ncRNA_13datasets_spearman.csv,archived_metric,False
ncRNA,Andreasson_2020_glms,rnafm_score,0.1696216918857644,notebooks/prediction/data/ncRNA_13datasets_spearman.csv,archived_metric,False
ncRNA,Andreasson_2020_glms,rnamsm_score,0.0180511604988737,notebooks/prediction/data/ncRNA_13datasets_spearman.csv,archived_metric,False
ncRNA,Janzen_2022_fam31_ribozyme,ERNIE-RNA_checkpoint_score,0.0791067665744381,notebooks/prediction/data/ncRNA_13datasets_spearman.csv,archived_metric,False
ncRNA,Janzen_2022_fam31_ribozyme,aido_score,0.1507413551107227,notebooks/prediction/data/ncRNA_13datasets_spearman.csv,archived_metric,False
ncRNA,Janzen_2022_fam31_ribozyme,codonfm_1b_score,0.1392105501461466,notebooks/prediction/data/ncRNA_13datasets_spearman.csv,archived_metric,False
ncRNA,Janzen_2022_fam31_ribozyme,codonfm_600m_score,0.0658583206007391,notebooks/prediction/data/ncRNA_13datasets_spearman.csv,archived_metric,False
ncRNA,Janzen_2022_fam31_ribozyme,codongpt_score,0.355465138391055,notebooks/prediction/data/ncRNA_13datasets_spearman.csv,archived_metric,False
ncRNA,Janzen_2022_fam31_ribozyme,eva_1.4b_score,0.3446604675137305,notebooks/prediction/data/ncRNA_13datasets_spearman.csv,archived_metric,False
ncRNA,Janzen_2022_fam31_ribozyme,eva_21m_score,0.2699140291688545,notebooks/prediction/data/ncRNA_13datasets_spearman.csv,archived_metric,False
ncRNA,Janzen_2022_fam31_ribozyme,evo2_1b_score,0.0258555233623797,notebooks/prediction/data/ncRNA_13datasets_spearman.csv,archived_metric,False
ncRNA,Janzen_2022_fam31_ribozyme,evo2_40b_score,0.0548707432225594,notebooks/prediction/data/ncRNA_13datasets_spearman.csv,archived_metric,False
ncRNA,Janzen_2022_fam31_ribozyme,evo2_7b_score,0.1532191046799163,notebooks/prediction/data/ncRNA_13datasets_spearman.csv,archived_metric,False
ncRNA,Janzen_2022_fam31_ribozyme,gena_score,0.2095885295480607,notebooks/prediction/data/ncRNA_13datasets_spearman.csv,archived_metric,False
ncRNA,Janzen_2022_fam31_ribozyme,generrna_score,0.1704962057473738,notebooks/prediction/data/ncRNA_13datasets_spearman.csv,archived_metric,False
ncRNA,Janzen_2022_fam31_ribozyme,rnabert_score,0.0678533656109071,notebooks/prediction/data/ncRNA_13datasets_spearman.csv,archived_metric,False
ncRNA,Janzen_2022_fam31_ribozyme,rnafm_score,0.1145961621077893,notebooks/prediction/data/ncRNA_13datasets_spearman.csv,archived_metric,False
ncRNA,Janzen_2022_fam31_ribozyme,rnamsm_score,0.0614786355339665,notebooks/prediction/data/ncRNA_13datasets_spearman.csv,archived_metric,False
ncRNA,Janzen_2022_fam21_ribozyme,ERNIE-RNA_checkpoint_score,0.1555196757608271,notebooks/prediction/data/ncRNA_13datasets_spearman.csv,archived_metric,False
ncRNA,Janzen_2022_fam21_ribozyme,aido_score,0.2162525970392521,notebooks/prediction/data/ncRNA_13datasets_spearman.csv,archived_metric,False
ncRNA,Janzen_2022_fam21_ribozyme,codonfm_1b_score,0.4123631712126387,notebooks/prediction/data/ncRNA_13datasets_spearman.csv,archived_metric,False
ncRNA,Janzen_2022_fam21_ribozyme,codonfm_600m_score,0.4024984612286443,notebooks/prediction/data/ncRNA_13datasets_spearman.csv,archived_metric,False
ncRNA,Janzen_2022_fam21_ribozyme,codongpt_score,0.3108147892368786,notebooks/prediction/data/ncRNA_13datasets_spearman.csv,archived_metric,False
ncRNA,Janzen_2022_fam21_ribozyme,eva_1.4b_score,0.3568576093158103,notebooks/prediction/data/ncRNA_13datasets_spearman.csv,archived_metric,False
ncRNA,Janzen_2022_fam21_ribozyme,eva_21m_score,0.14531024529806,notebooks/prediction/data/ncRNA_13datasets_spearman.csv,archived_metric,False
ncRNA,Janzen_2022_fam21_ribozyme,evo2_1b_score,0.1582970643735647,notebooks/prediction/data/ncRNA_13datasets_spearman.csv,archived_metric,False
ncRNA,Janzen_2022_fam21_ribozyme,evo2_40b_score,0.0386830922230122,notebooks/prediction/data/ncRNA_13datasets_spearman.csv,archived_metric,False
ncRNA,Janzen_2022_fam21_ribozyme,evo2_7b_score,0.2484395562951876,notebooks/prediction/data/ncRNA_13datasets_spearman.csv,archived_metric,False
ncRNA,Janzen_2022_fam21_ribozyme,gena_score,0.011377762570415,notebooks/prediction/data/ncRNA_13datasets_spearman.csv,archived_metric,False
ncRNA,Janzen_2022_fam21_ribozyme,generrna_score,0.0473305793053162,notebooks/prediction/data/ncRNA_13datasets_spearman.csv,archived_metric,False
ncRNA,Janzen_2022_fam21_ribozyme,rnabert_score,0.1520268508378552,notebooks/prediction/data/ncRNA_13datasets_spearman.csv,archived_metric,False
ncRNA,Janzen_2022_fam21_ribozyme,rnafm_score,0.1763711715225523,notebooks/prediction/data/ncRNA_13datasets_spearman.csv,archived_metric,False
ncRNA,Janzen_2022_fam21_ribozyme,rnamsm_score,0.2711063091359618,notebooks/prediction/data/ncRNA_13datasets_spearman.csv,archived_metric,False
ncRNA,Chen_2019_pepper,ERNIE-RNA_checkpoint_score,0.3672781298007846,notebooks/prediction/data/ncRNA_13datasets_spearman.csv,archived_metric,False
ncRNA,Chen_2019_pepper,aido_score,-0.05354905506234108,notebooks/prediction/data/ncRNA_13datasets_spearman.csv,archived_metric,False
ncRNA,Chen_2019_pepper,codonfm_1b_score,0.1361570671984334,notebooks/prediction/data/ncRNA_13datasets_spearman.csv,archived_metric,False
ncRNA,Chen_2019_pepper,codonfm_600m_score,-0.011196934693571445,notebooks/prediction/data/ncRNA_13datasets_spearman.csv,archived_metric,False
ncRNA,Chen_2019_pepper,codongpt_score,-0.47077822493377136,notebooks/prediction/data/ncRNA_13datasets_spearman.csv,archived_metric,False
ncRNA,Chen_2019_pepper,eva_1.4b_score,-0.13808244574724782,notebooks/prediction/data/ncRNA_13datasets_spearman.csv,archived_metric,False
ncRNA,Chen_2019_pepper,eva_21m_score,-0.033138451132836935,notebooks/prediction/data/ncRNA_13datasets_spearman.csv,archived_metric,False
ncRNA,Chen_2019_pepper,evo2_1b_score,-0.3206877444854703,notebooks/prediction/data/ncRNA_13datasets_spearman.csv,archived_metric,False
ncRNA,Chen_2019_pepper,evo2_40b_score,0.16991833956120223,notebooks/prediction/data/ncRNA_13datasets_spearman.csv,archived_metric,False
ncRNA,Chen_2019_pepper,evo2_7b_score,-0.3625044817619698,notebooks/prediction/data/ncRNA_13datasets_spearman.csv,archived_metric,False
ncRNA,Chen_2019_pepper,gena_score,-0.1712204581164865,notebooks/prediction/data/ncRNA_13datasets_spearman.csv,archived_metric,False
ncRNA,Chen_2019_pepper,generrna_score,0.06317135353137351,notebooks/prediction/data/ncRNA_13datasets_spearman.csv,archived_metric,False
ncRNA,Chen_2019_pepper,rnabert_score,0.2481468013094779,notebooks/prediction/data/ncRNA_13datasets_spearman.csv,archived_metric,False
ncRNA,Chen_2019_pepper,rnafm_score,0.05588470332877078,notebooks/prediction/data/ncRNA_13datasets_spearman.csv,archived_metric,False
ncRNA,Chen_2019_pepper,rnamsm_score,0.2362650983271431,notebooks/prediction/data/ncRNA_13datasets_spearman.csv,archived_metric,False
ncRNA,Li_2016_tRNA,ERNIE-RNA_checkpoint_score,0.0377208716445383,notebooks/prediction/data/ncRNA_13datasets_spearman.csv,archived_metric,False
ncRNA,Li_2016_tRNA,codongpt_score,-0.0054397133684069,notebooks/prediction/data/ncRNA_13datasets_spearman.csv,archived_metric,False
ncRNA,Li_2016_tRNA,eva_1.4b_score,0.3536860947184547,notebooks/prediction/data/ncRNA_13datasets_spearman.csv,archived_metric,False
ncRNA,Li_2016_tRNA,evo2_1b_score,0.0430673238801671,notebooks/prediction/data/ncRNA_13datasets_spearman.csv,archived_metric,False
ncRNA,Li_2016_tRNA,evo2_40b_score,-0.0408012041598731,notebooks/prediction/data/ncRNA_13datasets_spearman.csv,archived_metric,False
ncRNA,Li_2016_tRNA,evo2_7b_score,0.5114991737414942,notebooks/prediction/data/ncRNA_13datasets_spearman.csv,archived_metric,False
ncRNA,Li_2016_tRNA,gena_score,-0.0808716502320976,notebooks/prediction/data/ncRNA_13datasets_spearman.csv,archived_metric,False
ncRNA,Li_2016_tRNA,rnabert_score,0.1315789205167192,notebooks/prediction/data/ncRNA_13datasets_spearman.csv,archived_metric,False
ncRNA,Li_2016_tRNA,rnamsm_score,-0.0324747473584324,notebooks/prediction/data/ncRNA_13datasets_spearman.csv,archived_metric,False
ncRNA,Kobori_2015_ribozyme_j12,ERNIE-RNA_checkpoint_score,0.2020414469307843,notebooks/prediction/data/ncRNA_13datasets_spearman.csv,archived_metric,False
ncRNA,Kobori_2015_ribozyme_j12,aido_score,-0.0690432593270771,notebooks/prediction/data/ncRNA_13datasets_spearman.csv,archived_metric,False
ncRNA,Kobori_2015_ribozyme_j12,codongpt_score,-0.1575989929045547,notebooks/prediction/data/ncRNA_13datasets_spearman.csv,archived_metric,False
ncRNA,Kobori_2015_ribozyme_j12,eva_1.4b_score,-0.143592953913849,notebooks/prediction/data/ncRNA_13datasets_spearman.csv,archived_metric,False
ncRNA,Kobori_2015_ribozyme_j12,evo2_1b_score,0.1494494380322191,notebooks/prediction/data/ncRNA_13datasets_spearman.csv,archived_metric,False
ncRNA,Kobori_2015_ribozyme_j12,evo2_40b_score,0.3212878510779857,notebooks/prediction/data/ncRNA_13datasets_spearman.csv,archived_metric,False
ncRNA,Kobori_2015_ribozyme_j12,evo2_7b_score,0.231994717037712,notebooks/prediction/data/ncRNA_13datasets_spearman.csv,archived_metric,False
ncRNA,Kobori_2015_ribozyme_j12,gena_score,-0.1135979343099107,notebooks/prediction/data/ncRNA_13datasets_spearman.csv,archived_metric,False
ncRNA,Kobori_2015_ribozyme_j12,rnabert_score,-0.4497300672583306,notebooks/prediction/data/ncRNA_13datasets_spearman.csv,archived_metric,False
ncRNA,Kobori_2015_ribozyme_j12,rnamsm_score,0.5927986953536277,notebooks/prediction/data/ncRNA_13datasets_spearman.csv,archived_metric,False
ncRNA,Janzen_2022_fam1b1_ribozyme,ERNIE-RNA_checkpoint_score,0.2215264429043222,notebooks/prediction/data/ncRNA_13datasets_spearman.csv,archived_metric,False
ncRNA,Janzen_2022_fam1b1_ribozyme,aido_score,0.1169366891029819,notebooks/prediction/data/ncRNA_13datasets_spearman.csv,archived_metric,False
ncRNA,Janzen_2022_fam1b1_ribozyme,codongpt_score,0.0225671249290728,notebooks/prediction/data/ncRNA_13datasets_spearman.csv,archived_metric,False
ncRNA,Janzen_2022_fam1b1_ribozyme,eva_1.4b_score,-0.1771286429432177,notebooks/prediction/data/ncRNA_13datasets_spearman.csv,archived_metric,False
ncRNA,Janzen_2022_fam1b1_ribozyme,evo2_1b_score,-0.0396619623152222,notebooks/prediction/data/ncRNA_13datasets_spearman.csv,archived_metric,False
ncRNA,Janzen_2022_fam1b1_ribozyme,evo2_40b_score,0.0464702336154256,notebooks/prediction/data/ncRNA_13datasets_spearman.csv,archived_metric,False
ncRNA,Janzen_2022_fam1b1_ribozyme,evo2_7b_score,-0.0173761810477509,notebooks/prediction/data/ncRNA_13datasets_spearman.csv,archived_metric,False
ncRNA,Janzen_2022_fam1b1_ribozyme,gena_score,-0.1945959700588078,notebooks/prediction/data/ncRNA_13datasets_spearman.csv,archived_metric,False
ncRNA,Janzen_2022_fam1b1_ribozyme,rnabert_score,-0.1428744768402862,notebooks/prediction/data/ncRNA_13datasets_spearman.csv,archived_metric,False
ncRNA,Janzen_2022_fam1b1_ribozyme,rnamsm_score,0.1244921051361855,notebooks/prediction/data/ncRNA_13datasets_spearman.csv,archived_metric,False
ncRNA,Domingo_2018_tRNA,ERNIE-RNA_checkpoint_score,0.3623692740887796,notebooks/prediction/data/ncRNA_13datasets_spearman.csv,archived_metric,False
ncRNA,Domingo_2018_tRNA,aido_score,0.2709018896815435,notebooks/prediction/data/ncRNA_13datasets_spearman.csv,archived_metric,False
ncRNA,Domingo_2018_tRNA,codonfm_1b_score,0.0906318926436273,notebooks/prediction/data/ncRNA_13datasets_spearman.csv,archived_metric,False
ncRNA,Domingo_2018_tRNA,codonfm_600m_score,-0.0531074499877531,notebooks/prediction/data/ncRNA_13datasets_spearman.csv,archived_metric,False
ncRNA,Domingo_2018_tRNA,codongpt_score,0.1148295601069736,notebooks/prediction/data/ncRNA_13datasets_spearman.csv,archived_metric,False
ncRNA,Domingo_2018_tRNA,eva_1.4b_score,0.2256212322970667,notebooks/prediction/data/ncRNA_13datasets_spearman.csv,archived_metric,False
ncRNA,Domingo_2018_tRNA,eva_21m_score,0.2227343277854515,notebooks/prediction/data/ncRNA_13datasets_spearman.csv,archived_metric,False
ncRNA,Domingo_2018_tRNA,evo2_1b_score,0.1575788457416314,notebooks/prediction/data/ncRNA_13datasets_spearman.csv,archived_metric,False
ncRNA,Domingo_2018_tRNA,evo2_40b_score,-0.0538857373322004,notebooks/prediction/data/ncRNA_13datasets_spearman.csv,archived_metric,False
ncRNA,Domingo_2018_tRNA,evo2_7b_score,0.2800157325947715,notebooks/prediction/data/ncRNA_13datasets_spearman.csv,archived_metric,False
ncRNA,Domingo_2018_tRNA,gena_score,-0.0938600508284028,notebooks/prediction/data/ncRNA_13datasets_spearman.csv,archived_metric,False
ncRNA,Domingo_2018_tRNA,generrna_score,0.0005096927150995,notebooks/prediction/data/ncRNA_13datasets_spearman.csv,archived_metric,False
ncRNA,Domingo_2018_tRNA,rnabert_score,0.0796583777237725,notebooks/prediction/data/ncRNA_13datasets_spearman.csv,archived_metric,False
ncRNA,Domingo_2018_tRNA,rnafm_score,0.228115661511107,notebooks/prediction/data/ncRNA_13datasets_spearman.csv,archived_metric,False
ncRNA,Domingo_2018_tRNA,rnamsm_score,-0.0863507316118057,notebooks/prediction/data/ncRNA_13datasets_spearman.csv,archived_metric,False
ncRNA,Janzen_2022_fam1b1_ribozyme,codonfm_1b_score,-0.2817814249631842,notebooks/prediction/data/ncRNA_13datasets_spearman.csv,archived_metric,False
ncRNA,Janzen_2022_fam1b1_ribozyme,codonfm_600m_score,0.0276400826774267,notebooks/prediction/data/ncRNA_13datasets_spearman.csv,archived_metric,False
ncRNA,Janzen_2022_fam1b1_ribozyme,eva_21m_score,-0.1694414008876242,notebooks/prediction/data/ncRNA_13datasets_spearman.csv,archived_metric,False
ncRNA,Janzen_2022_fam1b1_ribozyme,generrna_score,-0.0058154798118336,notebooks/prediction/data/ncRNA_13datasets_spearman.csv,archived_metric,False
ncRNA,Janzen_2022_fam1b1_ribozyme,rnafm_score,-0.1002218475363748,notebooks/prediction/data/ncRNA_13datasets_spearman.csv,archived_metric,False
ncRNA,Kobori_2015_ribozyme_j12,codonfm_1b_score,-0.1554061520866854,notebooks/prediction/data/ncRNA_13datasets_spearman.csv,archived_metric,False
ncRNA,Kobori_2015_ribozyme_j12,codonfm_600m_score,0.2120145614142343,notebooks/prediction/data/ncRNA_13datasets_spearman.csv,archived_metric,False
ncRNA,Kobori_2015_ribozyme_j12,eva_21m_score,-0.1284368562600137,notebooks/prediction/data/ncRNA_13datasets_spearman.csv,archived_metric,False
ncRNA,Kobori_2015_ribozyme_j12,generrna_score,0.0332962032123907,notebooks/prediction/data/ncRNA_13datasets_spearman.csv,archived_metric,False
ncRNA,Kobori_2015_ribozyme_j12,rnafm_score,0.0063200961318379,notebooks/prediction/data/ncRNA_13datasets_spearman.csv,archived_metric,False
ncRNA,Li_2016_tRNA,codonfm_600m_score,-0.0086388394659231,notebooks/prediction/data/ncRNA_13datasets_spearman.csv,archived_metric,False
ncRNA,Li_2016_tRNA,eva_21m_score,0.0160185815108715,notebooks/prediction/data/ncRNA_13datasets_spearman.csv,archived_metric,False
ncRNA,Li_2016_tRNA,generrna_score,-0.0101990910411054,notebooks/prediction/data/ncRNA_13datasets_spearman.csv,archived_metric,False
ncRNA,Li_2016_tRNA,rnafm_score,0.5220323804188184,notebooks/prediction/data/ncRNA_13datasets_spearman.csv,archived_metric,False
ncRNA,Li_2016_tRNA,aido_score,0.12799193809058282,notebooks/prediction/data/ncRNA_13datasets_spearman.csv,archived_metric,False
ncRNA,Li_2016_tRNA,codonfm_1b_score,0.08576289901544837,notebooks/prediction/data/ncRNA_13datasets_spearman.csv,archived_metric,False
mRNA,F7YBW8_MESOW_Ding_2023,aido_score,-0.0975765718373832,notebooks/prediction/data/mRNA_5datasets_spearman.csv,archived_metric,False
mRNA,F7YBW8_MESOW_Ding_2023,codonfm_1b_score,0.1733484254551793,notebooks/prediction/data/mRNA_5datasets_spearman.csv,archived_metric,False
mRNA,F7YBW8_MESOW_Ding_2023,codonfm_600m_score,0.2617450739014431,notebooks/prediction/data/mRNA_5datasets_spearman.csv,archived_metric,False
mRNA,F7YBW8_MESOW_Ding_2023,codongpt_score,0.0437869163552189,notebooks/prediction/data/mRNA_5datasets_spearman.csv,archived_metric,False
mRNA,F7YBW8_MESOW_Ding_2023,ernie_rna_score,0.1888236150100241,notebooks/prediction/data/mRNA_5datasets_spearman.csv,archived_metric,False
mRNA,F7YBW8_MESOW_Ding_2023,eva_14b_score,0.2065012189269364,notebooks/prediction/data/mRNA_5datasets_spearman.csv,archived_metric,False
mRNA,F7YBW8_MESOW_Ding_2023,eva_21m_mRNA_score,0.1624316670302375,notebooks/prediction/data/mRNA_5datasets_spearman.csv,archived_metric,False
mRNA,F7YBW8_MESOW_Ding_2023,evo2_1b_score,-0.0091951419024426,notebooks/prediction/data/mRNA_5datasets_spearman.csv,archived_metric,False
mRNA,F7YBW8_MESOW_Ding_2023,evo2_40b_score,0.0410384847978531,notebooks/prediction/data/mRNA_5datasets_spearman.csv,archived_metric,False
mRNA,F7YBW8_MESOW_Ding_2023,evo2_7b_score,0.468385025736225,notebooks/prediction/data/mRNA_5datasets_spearman.csv,archived_metric,False
mRNA,F7YBW8_MESOW_Ding_2023,gena_score,-0.1054380208535595,notebooks/prediction/data/mRNA_5datasets_spearman.csv,archived_metric,False
mRNA,F7YBW8_MESOW_Ding_2023,generrna_score,-0.2948,notebooks/prediction/data/mRNA_5datasets_spearman.csv,archived_metric,False
mRNA,F7YBW8_MESOW_Ding_2023,rnabert_score,0.0679234987643141,notebooks/prediction/data/mRNA_5datasets_spearman.csv,archived_metric,False
mRNA,F7YBW8_MESOW_Ding_2023,rnafm_score,0.1041688993027246,notebooks/prediction/data/mRNA_5datasets_spearman.csv,archived_metric,False
mRNA,F7YBW8_MESOW_Ding_2023,rnamsm_score,0.081688258967472,notebooks/prediction/data/mRNA_5datasets_spearman.csv,archived_metric,False
mRNA,GFP_AEQVI_Sarkisyan_2016,aido_score,-0.0975765718373832,notebooks/prediction/data/mRNA_5datasets_spearman.csv,archived_metric,False
mRNA,GFP_AEQVI_Sarkisyan_2016,codonfm_1b_score,0.050213242432384,notebooks/prediction/data/mRNA_5datasets_spearman.csv,archived_metric,False
mRNA,GFP_AEQVI_Sarkisyan_2016,codonfm_600m_score,0.0727240678481181,notebooks/prediction/data/mRNA_5datasets_spearman.csv,archived_metric,False
mRNA,GFP_AEQVI_Sarkisyan_2016,codongpt_score,0.1803267841599989,notebooks/prediction/data/mRNA_5datasets_spearman.csv,archived_metric,False
mRNA,GFP_AEQVI_Sarkisyan_2016,ernie_rna_score,0.0927440035369399,notebooks/prediction/data/mRNA_5datasets_spearman.csv,archived_metric,False
mRNA,GFP_AEQVI_Sarkisyan_2016,eva_14b_score,0.2081588560606551,notebooks/prediction/data/mRNA_5datasets_spearman.csv,archived_metric,False
mRNA,GFP_AEQVI_Sarkisyan_2016,eva_21m_mRNA_score,0.1700751772413753,notebooks/prediction/data/mRNA_5datasets_spearman.csv,archived_metric,False
mRNA,GFP_AEQVI_Sarkisyan_2016,evo2_1b_score,0.0994623418823318,notebooks/prediction/data/mRNA_5datasets_spearman.csv,archived_metric,False
mRNA,GFP_AEQVI_Sarkisyan_2016,evo2_40b_score,0.2537379645396172,notebooks/prediction/data/mRNA_5datasets_spearman.csv,archived_metric,False
mRNA,GFP_AEQVI_Sarkisyan_2016,evo2_7b_score,0.2333664649067283,notebooks/prediction/data/mRNA_5datasets_spearman.csv,archived_metric,False
mRNA,GFP_AEQVI_Sarkisyan_2016,gena_score,0.0582578031699101,notebooks/prediction/data/mRNA_5datasets_spearman.csv,archived_metric,False
mRNA,GFP_AEQVI_Sarkisyan_2016,generrna_score,-0.0450159209666117,notebooks/prediction/data/mRNA_5datasets_spearman.csv,archived_metric,False
mRNA,GFP_AEQVI_Sarkisyan_2016,rnabert_score,0.0919469442140557,notebooks/prediction/data/mRNA_5datasets_spearman.csv,archived_metric,False
mRNA,GFP_AEQVI_Sarkisyan_2016,rnafm_score,-0.0030745458542197,notebooks/prediction/data/mRNA_5datasets_spearman.csv,archived_metric,False
mRNA,GFP_AEQVI_Sarkisyan_2016,rnamsm_score,-0.0551325925804052,notebooks/prediction/data/mRNA_5datasets_spearman.csv,archived_metric,False
mRNA,Julien_2016_mRNA,aido_score,-0.402323725357509,notebooks/prediction/data/mRNA_5datasets_spearman.csv,archived_metric,False
mRNA,Julien_2016_mRNA,codonfm_1b_score,-0.1201166437918933,notebooks/prediction/data/mRNA_5datasets_spearman.csv,archived_metric,False
mRNA,Julien_2016_mRNA,codonfm_600m_score,0.1170672332970637,notebooks/prediction/data/mRNA_5datasets_spearman.csv,archived_metric,False
mRNA,Julien_2016_mRNA,codongpt_score,0.0913279344748282,notebooks/prediction/data/mRNA_5datasets_spearman.csv,archived_metric,False
mRNA,Julien_2016_mRNA,ernie_rna_score,0.1639290937288381,notebooks/prediction/data/mRNA_5datasets_spearman.csv,archived_metric,False
mRNA,Julien_2016_mRNA,eva_14b_score,-0.2345464176285911,notebooks/prediction/data/mRNA_5datasets_spearman.csv,archived_metric,False
mRNA,Julien_2016_mRNA,eva_21m_mRNA_score,-0.2465863118318851,notebooks/prediction/data/mRNA_5datasets_spearman.csv,archived_metric,False
mRNA,Julien_2016_mRNA,evo2_1b_score,-0.0893889206371284,notebooks/prediction/data/mRNA_5datasets_spearman.csv,archived_metric,False
mRNA,Julien_2016_mRNA,evo2_40b_score,-0.1203424567471253,notebooks/prediction/data/mRNA_5datasets_spearman.csv,archived_metric,False
mRNA,Julien_2016_mRNA,evo2_7b_score,-0.2569311686846836,notebooks/prediction/data/mRNA_5datasets_spearman.csv,archived_metric,False
mRNA,Julien_2016_mRNA,gena_score,0.0513128612771378,notebooks/prediction/data/mRNA_5datasets_spearman.csv,archived_metric,False
mRNA,Julien_2016_mRNA,generrna_score,0.0734,notebooks/prediction/data/mRNA_5datasets_spearman.csv,archived_metric,False
mRNA,Julien_2016_mRNA,rnabert_score,0.1515691767341977,notebooks/prediction/data/mRNA_5datasets_spearman.csv,archived_metric,False
mRNA,Julien_2016_mRNA,rnafm_score,0.0744461310946281,notebooks/prediction/data/mRNA_5datasets_spearman.csv,archived_metric,False
mRNA,Julien_2016_mRNA,rnamsm_score,-0.0783575191797168,notebooks/prediction/data/mRNA_5datasets_spearman.csv,archived_metric,False
mRNA,Ke_2017_mRNA,aido_score,0.0953738623118081,notebooks/prediction/data/mRNA_5datasets_spearman.csv,archived_metric,False
mRNA,Ke_2017_mRNA,codonfm_1b_score,-0.0522943313215642,notebooks/prediction/data/mRNA_5datasets_spearman.csv,archived_metric,False
mRNA,Ke_2017_mRNA,codonfm_600m_score,-0.0841914427704668,notebooks/prediction/data/mRNA_5datasets_spearman.csv,archived_metric,False
mRNA,Ke_2017_mRNA,codongpt_score,-0.1880395330353597,notebooks/prediction/data/mRNA_5datasets_spearman.csv,archived_metric,False
mRNA,Ke_2017_mRNA,ernie_rna_score,-0.2968350768158821,notebooks/prediction/data/mRNA_5datasets_spearman.csv,archived_metric,False
mRNA,Ke_2017_mRNA,eva_14b_score,-0.3911593933087076,notebooks/prediction/data/mRNA_5datasets_spearman.csv,archived_metric,False
mRNA,Ke_2017_mRNA,eva_21m_mRNA_score,-0.2644315725450727,notebooks/prediction/data/mRNA_5datasets_spearman.csv,archived_metric,False
mRNA,Ke_2017_mRNA,evo2_1b_score,-0.3391850324460634,notebooks/prediction/data/mRNA_5datasets_spearman.csv,archived_metric,False
mRNA,Ke_2017_mRNA,evo2_40b_score,-0.2554072265968741,notebooks/prediction/data/mRNA_5datasets_spearman.csv,archived_metric,False
mRNA,Ke_2017_mRNA,evo2_7b_score,-0.2687532943014653,notebooks/prediction/data/mRNA_5datasets_spearman.csv,archived_metric,False
mRNA,Ke_2017_mRNA,gena_score,0.0616711039357182,notebooks/prediction/data/mRNA_5datasets_spearman.csv,archived_metric,False
mRNA,Ke_2017_mRNA,generrna_score,-0.0044,notebooks/prediction/data/mRNA_5datasets_spearman.csv,archived_metric,False
mRNA,Ke_2017_mRNA,rnabert_score,0.2023993982972015,notebooks/prediction/data/mRNA_5datasets_spearman.csv,archived_metric,False
mRNA,Ke_2017_mRNA,rnafm_score,-0.3169763924048462,notebooks/prediction/data/mRNA_5datasets_spearman.csv,archived_metric,False
mRNA,Ke_2017_mRNA,rnamsm_score,-0.3421519907363662,notebooks/prediction/data/mRNA_5datasets_spearman.csv,archived_metric,False
mRNA,Rouskin_2024_mRNA,aido_score,0.014220147533551,notebooks/prediction/data/mRNA_5datasets_spearman.csv,archived_metric,False
mRNA,Rouskin_2024_mRNA,codonfm_1b_score,0.1999155193878145,notebooks/prediction/data/mRNA_5datasets_spearman.csv,archived_metric,False
mRNA,Rouskin_2024_mRNA,codonfm_600m_score,-0.0037245930355672,notebooks/prediction/data/mRNA_5datasets_spearman.csv,archived_metric,False
mRNA,Rouskin_2024_mRNA,codongpt_score,-0.2575863659247032,notebooks/prediction/data/mRNA_5datasets_spearman.csv,archived_metric,False
mRNA,Rouskin_2024_mRNA,ernie_rna_score,0.0005784297709521,notebooks/prediction/data/mRNA_5datasets_spearman.csv,archived_metric,False
mRNA,Rouskin_2024_mRNA,eva_14b_score,0.5095521374804417,notebooks/prediction/data/mRNA_5datasets_spearman.csv,archived_metric,False
mRNA,Rouskin_2024_mRNA,eva_21m_mRNA_score,-0.2972938150065208,notebooks/prediction/data/mRNA_5datasets_spearman.csv,archived_metric,False
mRNA,Rouskin_2024_mRNA,evo2_1b_score,-0.1226649671047958,notebooks/prediction/data/mRNA_5datasets_spearman.csv,archived_metric,False
mRNA,Rouskin_2024_mRNA,evo2_40b_score,0.3229705997208595,notebooks/prediction/data/mRNA_5datasets_spearman.csv,archived_metric,False
mRNA,Rouskin_2024_mRNA,evo2_7b_score,-0.0487525628351409,notebooks/prediction/data/mRNA_5datasets_spearman.csv,archived_metric,False
mRNA,Rouskin_2024_mRNA,gena_score,0.1476736073282154,notebooks/prediction/data/mRNA_5datasets_spearman.csv,archived_metric,False
mRNA,Rouskin_2024_mRNA,generrna_score,0.0457363161335531,notebooks/prediction/data/mRNA_5datasets_spearman.csv,archived_metric,False
mRNA,Rouskin_2024_mRNA,rnabert_score,0.0539109546277764,notebooks/prediction/data/mRNA_5datasets_spearman.csv,archived_metric,False
mRNA,Rouskin_2024_mRNA,rnafm_score,0.1260631785906145,notebooks/prediction/data/mRNA_5datasets_spearman.csv,archived_metric,False
mRNA,Rouskin_2024_mRNA,rnamsm_score,0.1182908806269899,notebooks/prediction/data/mRNA_5datasets_spearman.csv,archived_metric,False
protein,ERBB2_HUMAN_Elazar_2016_Standard,ProGen2 Large,0.3735923330098122,notebooks/prediction/data/protein_20datasets_spearman.csv,archived_metric,False
protein,NPC1_HUMAN_Erwood_2022_RPE1_Standard,ProGen2 Large,0.6221122925542076,notebooks/prediction/data/protein_20datasets_spearman.csv,archived_metric,False
protein,LYAM1_HUMAN_Elazar_2016_Standard,ProGen2 Large,0.2978757396837214,notebooks/prediction/data/protein_20datasets_spearman.csv,archived_metric,False
protein,GLPA_HUMAN_Elazar_2016_Standard,ProGen2 Large,0.4204106112656978,notebooks/prediction/data/protein_20datasets_spearman.csv,archived_metric,False
protein,PITX2_HUMAN_Tsuboyama_2023_2L7M_Standard,ProGen2 Large,0.4278781973983795,notebooks/prediction/data/protein_20datasets_spearman.csv,archived_metric,False
protein,RBP1_HUMAN_Tsuboyama_2023_2KWH_Standard,ProGen2 Large,0.2933459317679339,notebooks/prediction/data/protein_20datasets_spearman.csv,archived_metric,False
protein,RASH_HUMAN_Bandaru_2017_Standard,ProGen2 Large,0.37395241250716,notebooks/prediction/data/protein_20datasets_spearman.csv,archived_metric,False
protein,CBPA2_HUMAN_Tsuboyama_2023_1O6X_Standard,ProGen2 Large,0.6734991780769815,notebooks/prediction/data/protein_20datasets_spearman.csv,archived_metric,False
protein,PIN1_HUMAN_Tsuboyama_2023_1I6C_Standard,ProGen2 Large,0.6471021084422168,notebooks/prediction/data/protein_20datasets_spearman.csv,archived_metric,False
protein,DNJA1_HUMAN_Tsuboyama_2023_2LO1_Standard,ProGen2 Large,0.7211173534660579,notebooks/prediction/data/protein_20datasets_spearman.csv,archived_metric,False
protein,Q9HC78_PF00096_635_DomainOne,ProGen2 Large,0.79783952073211,notebooks/prediction/data/protein_20datasets_spearman.csv,archived_metric,False
protein,Q9UJQ4_PF00096_383_DomainOne,ProGen2 Large,0.7505673274094328,notebooks/prediction/data/protein_20datasets_spearman.csv,archived_metric,False
protein,Q8N1W1_PF00130_651_DomainOne,ProGen2 Large,0.7714240428304746,notebooks/prediction/data/protein_20datasets_spearman.csv,archived_metric,False
protein,Q9NU63_PF00096_176_DomainOne,ProGen2 Large,0.525453508623214,notebooks/prediction/data/protein_20datasets_spearman.csv,archived_metric,False
protein,Q7Z5Q1_PF16366_513_DomainOne,ProGen2 Large,0.727965367965368,notebooks/prediction/data/protein_20datasets_spearman.csv,archived_metric,False
protein,Q9ULZ3_PF00619_114_DomainOne,ProGen2 Large,0.4041786467010336,notebooks/prediction/data/protein_20datasets_spearman.csv,archived_metric,False
protein,Q13263_PF00628_620_DomainOne,ProGen2 Large,0.7524974953485042,notebooks/prediction/data/protein_20datasets_spearman.csv,archived_metric,False
protein,Q9UL15_PF02179_280_DomainOne,ProGen2 Large,0.6512832027959413,notebooks/prediction/data/protein_20datasets_spearman.csv,archived_metric,False
protein,O15151_PF00641_299_DomainOne,ProGen2 Large,0.5811764705882353,notebooks/prediction/data/protein_20datasets_spearman.csv,archived_metric,False
protein,Q9UJQ4_PF00096_627_DomainOne,ProGen2 Large,0.5590731366012265,notebooks/prediction/data/protein_20datasets_spearman.csv,archived_metric,False
protein,ERBB2_HUMAN_Elazar_2016_Standard,ProGen2 XLarge,0.2632874326961273,notebooks/prediction/data/protein_20datasets_spearman.csv,archived_metric,False
protein,NPC1_HUMAN_Erwood_2022_RPE1_Standard,ProGen2 XLarge,0.8159413800393969,notebooks/prediction/data/protein_20datasets_spearman.csv,archived_metric,False
protein,LYAM1_HUMAN_Elazar_2016_Standard,ProGen2 XLarge,0.3379758807814934,notebooks/prediction/data/protein_20datasets_spearman.csv,archived_metric,False
protein,GLPA_HUMAN_Elazar_2016_Standard,ProGen2 XLarge,0.4875119340019095,notebooks/prediction/data/protein_20datasets_spearman.csv,archived_metric,False
protein,PITX2_HUMAN_Tsuboyama_2023_2L7M_Standard,ProGen2 XLarge,0.4679442503681035,notebooks/prediction/data/protein_20datasets_spearman.csv,archived_metric,False
protein,RBP1_HUMAN_Tsuboyama_2023_2KWH_Standard,ProGen2 XLarge,0.2008748831673571,notebooks/prediction/data/protein_20datasets_spearman.csv,archived_metric,False
protein,RASH_HUMAN_Bandaru_2017_Standard,ProGen2 XLarge,0.3063410338120653,notebooks/prediction/data/protein_20datasets_spearman.csv,archived_metric,False
protein,CBPA2_HUMAN_Tsuboyama_2023_1O6X_Standard,ProGen2 XLarge,0.7093682335107289,notebooks/prediction/data/protein_20datasets_spearman.csv,archived_metric,False
protein,PIN1_HUMAN_Tsuboyama_2023_1I6C_Standard,ProGen2 XLarge,0.6567624506627239,notebooks/prediction/data/protein_20datasets_spearman.csv,archived_metric,False
protein,DNJA1_HUMAN_Tsuboyama_2023_2LO1_Standard,ProGen2 XLarge,0.7643288518347165,notebooks/prediction/data/protein_20datasets_spearman.csv,archived_metric,False
protein,Q9HC78_PF00096_635_DomainOne,ProGen2 XLarge,0.7793292136421529,notebooks/prediction/data/protein_20datasets_spearman.csv,archived_metric,False
protein,Q9UJQ4_PF00096_383_DomainOne,ProGen2 XLarge,0.6515379357484621,notebooks/prediction/data/protein_20datasets_spearman.csv,archived_metric,False
protein,Q8N1W1_PF00130_651_DomainOne,ProGen2 XLarge,0.7546229438906698,notebooks/prediction/data/protein_20datasets_spearman.csv,archived_metric,False
protein,Q9NU63_PF00096_176_DomainOne,ProGen2 XLarge,0.4438450749811198,notebooks/prediction/data/protein_20datasets_spearman.csv,archived_metric,False
protein,Q7Z5Q1_PF16366_513_DomainOne,ProGen2 XLarge,0.6875695732838589,notebooks/prediction/data/protein_20datasets_spearman.csv,archived_metric,False
protein,Q9ULZ3_PF00619_114_DomainOne,ProGen2 XLarge,0.5398598850153943,notebooks/prediction/data/protein_20datasets_spearman.csv,archived_metric,False
protein,Q13263_PF00628_620_DomainOne,ProGen2 XLarge,0.7341586756357044,notebooks/prediction/data/protein_20datasets_spearman.csv,archived_metric,False
protein,Q9UL15_PF02179_280_DomainOne,ProGen2 XLarge,0.3211243049074171,notebooks/prediction/data/protein_20datasets_spearman.csv,archived_metric,False
protein,O15151_PF00641_299_DomainOne,ProGen2 XLarge,0.5186138613861385,notebooks/prediction/data/protein_20datasets_spearman.csv,archived_metric,False
protein,Q9UJQ4_PF00096_627_DomainOne,ProGen2 XLarge,0.5996213524303412,notebooks/prediction/data/protein_20datasets_spearman.csv,archived_metric,False
protein,ERBB2_HUMAN_Elazar_2016_Standard,ProGen3 1B,0.5159552134057198,notebooks/prediction/data/protein_20datasets_spearman.csv,archived_metric,False
protein,NPC1_HUMAN_Erwood_2022_RPE1_Standard,ProGen3 1B,0.6395449308755761,notebooks/prediction/data/protein_20datasets_spearman.csv,archived_metric,False
protein,LYAM1_HUMAN_Elazar_2016_Standard,ProGen3 1B,0.3844812810570234,notebooks/prediction/data/protein_20datasets_spearman.csv,archived_metric,False
protein,GLPA_HUMAN_Elazar_2016_Standard,ProGen3 1B,0.3493565838970535,notebooks/prediction/data/protein_20datasets_spearman.csv,archived_metric,False
protein,PITX2_HUMAN_Tsuboyama_2023_2L7M_Standard,ProGen3 1B,0.5516678372638908,notebooks/prediction/data/protein_20datasets_spearman.csv,archived_metric,False
protein,RBP1_HUMAN_Tsuboyama_2023_2KWH_Standard,ProGen3 1B,0.2795410771173642,notebooks/prediction/data/protein_20datasets_spearman.csv,archived_metric,False
protein,RASH_HUMAN_Bandaru_2017_Standard,ProGen3 1B,0.4241498397068161,notebooks/prediction/data/protein_20datasets_spearman.csv,archived_metric,False
protein,CBPA2_HUMAN_Tsuboyama_2023_1O6X_Standard,ProGen3 1B,0.6633724619691077,notebooks/prediction/data/protein_20datasets_spearman.csv,archived_metric,False
protein,PIN1_HUMAN_Tsuboyama_2023_1I6C_Standard,ProGen3 1B,0.6721176010631301,notebooks/prediction/data/protein_20datasets_spearman.csv,archived_metric,False
protein,DNJA1_HUMAN_Tsuboyama_2023_2LO1_Standard,ProGen3 1B,0.7335723160072575,notebooks/prediction/data/protein_20datasets_spearman.csv,archived_metric,False
protein,Q9HC78_PF00096_635_DomainOne,ProGen3 1B,0.8012736449832538,notebooks/prediction/data/protein_20datasets_spearman.csv,archived_metric,False
protein,Q9UJQ4_PF00096_383_DomainOne,ProGen3 1B,0.6913738892686262,notebooks/prediction/data/protein_20datasets_spearman.csv,archived_metric,False
protein,Q8N1W1_PF00130_651_DomainOne,ProGen3 1B,0.7191187348103274,notebooks/prediction/data/protein_20datasets_spearman.csv,archived_metric,False
protein,Q9NU63_PF00096_176_DomainOne,ProGen3 1B,0.5756207327034816,notebooks/prediction/data/protein_20datasets_spearman.csv,archived_metric,False
protein,Q7Z5Q1_PF16366_513_DomainOne,ProGen3 1B,0.7200865800865801,notebooks/prediction/data/protein_20datasets_spearman.csv,archived_metric,False
protein,Q9ULZ3_PF00619_114_DomainOne,ProGen3 1B,0.3408176273563748,notebooks/prediction/data/protein_20datasets_spearman.csv,archived_metric,False
protein,Q13263_PF00628_620_DomainOne,ProGen3 1B,0.7488383187825007,notebooks/prediction/data/protein_20datasets_spearman.csv,archived_metric,False
protein,Q9UL15_PF02179_280_DomainOne,ProGen3 1B,0.6012671324911775,notebooks/prediction/data/protein_20datasets_spearman.csv,archived_metric,False
protein,O15151_PF00641_299_DomainOne,ProGen3 1B,0.70547466511357,notebooks/prediction/data/protein_20datasets_spearman.csv,archived_metric,False
protein,Q9UJQ4_PF00096_627_DomainOne,ProGen3 1B,0.6226694653660945,notebooks/prediction/data/protein_20datasets_spearman.csv,archived_metric,False
protein,ERBB2_HUMAN_Elazar_2016_Standard,ProGen3 3B,0.555355155129984,notebooks/prediction/data/protein_20datasets_spearman.csv,archived_metric,False
protein,NPC1_HUMAN_Erwood_2022_RPE1_Standard,ProGen3 3B,0.4591493855606759,notebooks/prediction/data/protein_20datasets_spearman.csv,archived_metric,False
protein,LYAM1_HUMAN_Elazar_2016_Standard,ProGen3 3B,0.3763429851402222,notebooks/prediction/data/protein_20datasets_spearman.csv,archived_metric,False
protein,GLPA_HUMAN_Elazar_2016_Standard,ProGen3 3B,0.36019224963076,notebooks/prediction/data/protein_20datasets_spearman.csv,archived_metric,False
protein,PITX2_HUMAN_Tsuboyama_2023_2L7M_Standard,ProGen3 3B,0.5081991724089685,notebooks/prediction/data/protein_20datasets_spearman.csv,archived_metric,False
protein,RBP1_HUMAN_Tsuboyama_2023_2KWH_Standard,ProGen3 3B,0.2896515221278611,notebooks/prediction/data/protein_20datasets_spearman.csv,archived_metric,False
protein,RASH_HUMAN_Bandaru_2017_Standard,ProGen3 3B,0.3843229943985013,notebooks/prediction/data/protein_20datasets_spearman.csv,archived_metric,False
protein,CBPA2_HUMAN_Tsuboyama_2023_1O6X_Standard,ProGen3 3B,0.6374123750241258,notebooks/prediction/data/protein_20datasets_spearman.csv,archived_metric,False
protein,PIN1_HUMAN_Tsuboyama_2023_1I6C_Standard,ProGen3 3B,0.6856567309763242,notebooks/prediction/data/protein_20datasets_spearman.csv,archived_metric,False
protein,DNJA1_HUMAN_Tsuboyama_2023_2LO1_Standard,ProGen3 3B,0.726234148159317,notebooks/prediction/data/protein_20datasets_spearman.csv,archived_metric,False
protein,Q9HC78_PF00096_635_DomainOne,ProGen3 3B,0.7958016887589037,notebooks/prediction/data/protein_20datasets_spearman.csv,archived_metric,False
protein,Q9UJQ4_PF00096_383_DomainOne,ProGen3 3B,0.7160628844839372,notebooks/prediction/data/protein_20datasets_spearman.csv,archived_metric,False
protein,Q8N1W1_PF00130_651_DomainOne,ProGen3 3B,0.6940755873340144,notebooks/prediction/data/protein_20datasets_spearman.csv,archived_metric,False
protein,Q9NU63_PF00096_176_DomainOne,ProGen3 3B,0.6728110599078342,notebooks/prediction/data/protein_20datasets_spearman.csv,archived_metric,False
protein,Q7Z5Q1_PF16366_513_DomainOne,ProGen3 3B,0.6972912801484229,notebooks/prediction/data/protein_20datasets_spearman.csv,archived_metric,False
protein,Q9ULZ3_PF00619_114_DomainOne,ProGen3 3B,0.4258331402586776,notebooks/prediction/data/protein_20datasets_spearman.csv,archived_metric,False
protein,Q13263_PF00628_620_DomainOne,ProGen3 3B,0.6549735222556176,notebooks/prediction/data/protein_20datasets_spearman.csv,archived_metric,False
protein,Q9UL15_PF02179_280_DomainOne,ProGen3 3B,0.6455066989015882,notebooks/prediction/data/protein_20datasets_spearman.csv,archived_metric,False
protein,O15151_PF00641_299_DomainOne,ProGen3 3B,0.6692370413511939,notebooks/prediction/data/protein_20datasets_spearman.csv,archived_metric,False
protein,Q9UJQ4_PF00096_627_DomainOne,ProGen3 3B,0.7026793431287813,notebooks/prediction/data/protein_20datasets_spearman.csv,archived_metric,False
protein,ERBB2_HUMAN_Elazar_2016_Standard,ESMC 300M,-0.1416887205865044,notebooks/prediction/data/protein_20datasets_spearman.csv,archived_metric,False
protein,NPC1_HUMAN_Erwood_2022_RPE1_Standard,ESMC 300M,0.0550551243350019,notebooks/prediction/data/protein_20datasets_spearman.csv,archived_metric,False
protein,LYAM1_HUMAN_Elazar_2016_Standard,ESMC 300M,-0.0779731067096693,notebooks/prediction/data/protein_20datasets_spearman.csv,archived_metric,False
protein,GLPA_HUMAN_Elazar_2016_Standard,ESMC 300M,-0.409295349119318,notebooks/prediction/data/protein_20datasets_spearman.csv,archived_metric,False
protein,PITX2_HUMAN_Tsuboyama_2023_2L7M_Standard,ESMC 300M,-0.6185125993812588,notebooks/prediction/data/protein_20datasets_spearman.csv,archived_metric,False
protein,RBP1_HUMAN_Tsuboyama_2023_2KWH_Standard,ESMC 300M,-0.6161595621542404,notebooks/prediction/data/protein_20datasets_spearman.csv,archived_metric,False
protein,RASH_HUMAN_Bandaru_2017_Standard,ESMC 300M,-0.1495258261698022,notebooks/prediction/data/protein_20datasets_spearman.csv,archived_metric,False
protein,CBPA2_HUMAN_Tsuboyama_2023_1O6X_Standard,ESMC 300M,-0.8186618297063285,notebooks/prediction/data/protein_20datasets_spearman.csv,archived_metric,False
protein,PIN1_HUMAN_Tsuboyama_2023_1I6C_Standard,ESMC 300M,-0.7802248094757829,notebooks/prediction/data/protein_20datasets_spearman.csv,archived_metric,False
protein,DNJA1_HUMAN_Tsuboyama_2023_2LO1_Standard,ESMC 300M,-0.6516163818846029,notebooks/prediction/data/protein_20datasets_spearman.csv,archived_metric,False
protein,Q9HC78_PF00096_635_DomainOne,ESMC 300M,-0.1893546874559505,notebooks/prediction/data/protein_20datasets_spearman.csv,archived_metric,False
protein,Q9UJQ4_PF00096_383_DomainOne,ESMC 300M,-0.6093631333697589,notebooks/prediction/data/protein_20datasets_spearman.csv,archived_metric,False
protein,Q8N1W1_PF00130_651_DomainOne,ESMC 300M,-0.6891638293245177,notebooks/prediction/data/protein_20datasets_spearman.csv,archived_metric,False
protein,Q9NU63_PF00096_176_DomainOne,ESMC 300M,-0.3543302169759992,notebooks/prediction/data/protein_20datasets_spearman.csv,archived_metric,False
protein,Q7Z5Q1_PF16366_513_DomainOne,ESMC 300M,-0.6951279866782519,notebooks/prediction/data/protein_20datasets_spearman.csv,archived_metric,False
protein,Q9ULZ3_PF00619_114_DomainOne,ESMC 300M,-0.2620142712968505,notebooks/prediction/data/protein_20datasets_spearman.csv,archived_metric,False
protein,Q13263_PF00628_620_DomainOne,ESMC 300M,-0.6201180908547631,notebooks/prediction/data/protein_20datasets_spearman.csv,archived_metric,False
protein,Q9UL15_PF02179_280_DomainOne,ESMC 300M,-0.2326137351928654,notebooks/prediction/data/protein_20datasets_spearman.csv,archived_metric,False
protein,O15151_PF00641_299_DomainOne,ESMC 300M,-0.6346222310639006,notebooks/prediction/data/protein_20datasets_spearman.csv,archived_metric,False
protein,Q9UJQ4_PF00096_627_DomainOne,ESMC 300M,-0.4771106790928502,notebooks/prediction/data/protein_20datasets_spearman.csv,archived_metric,False
protein,ERBB2_HUMAN_Elazar_2016_Standard,ESM1v,0.5539498217155826,notebooks/prediction/data/protein_20datasets_spearman.csv,archived_metric,False
protein,NPC1_HUMAN_Erwood_2022_RPE1_Standard,ESM1v,0.7254774714961498,notebooks/prediction/data/protein_20datasets_spearman.csv,archived_metric,False
protein,LYAM1_HUMAN_Elazar_2016_Standard,ESM1v,0.3469617618618973,notebooks/prediction/data/protein_20datasets_spearman.csv,archived_metric,False
protein,GLPA_HUMAN_Elazar_2016_Standard,ESM1v,0.3942161910745906,notebooks/prediction/data/protein_20datasets_spearman.csv,archived_metric,False
protein,PITX2_HUMAN_Tsuboyama_2023_2L7M_Standard,ESM1v,0.442031235107283,notebooks/prediction/data/protein_20datasets_spearman.csv,archived_metric,False
protein,RBP1_HUMAN_Tsuboyama_2023_2KWH_Standard,ESM1v,0.4043281263185412,notebooks/prediction/data/protein_20datasets_spearman.csv,archived_metric,False
protein,RASH_HUMAN_Bandaru_2017_Standard,ESM1v,0.3414672210374073,notebooks/prediction/data/protein_20datasets_spearman.csv,archived_metric,False
protein,CBPA2_HUMAN_Tsuboyama_2023_1O6X_Standard,ESM1v,0.7510078568739433,notebooks/prediction/data/protein_20datasets_spearman.csv,archived_metric,False
protein,PIN1_HUMAN_Tsuboyama_2023_1I6C_Standard,ESM1v,0.6382147601597823,notebooks/prediction/data/protein_20datasets_spearman.csv,archived_metric,False
protein,DNJA1_HUMAN_Tsuboyama_2023_2LO1_Standard,ESM1v,0.7631315945616297,notebooks/prediction/data/protein_20datasets_spearman.csv,archived_metric,False
protein,Q9HC78_PF00096_635_DomainOne,ESM1v,0.6599650926930516,notebooks/prediction/data/protein_20datasets_spearman.csv,archived_metric,False
protein,Q9UJQ4_PF00096_383_DomainOne,ESM1v,0.6584278879015721,notebooks/prediction/data/protein_20datasets_spearman.csv,archived_metric,False
protein,Q8N1W1_PF00130_651_DomainOne,ESM1v,0.7182733964988907,notebooks/prediction/data/protein_20datasets_spearman.csv,archived_metric,False
protein,Q9NU63_PF00096_176_DomainOne,ESM1v,0.3491669620701879,notebooks/prediction/data/protein_20datasets_spearman.csv,archived_metric,False
protein,Q7Z5Q1_PF16366_513_DomainOne,ESM1v,0.7166481137909709,notebooks/prediction/data/protein_20datasets_spearman.csv,archived_metric,False
protein,Q9ULZ3_PF00619_114_DomainOne,ESM1v,0.3995698800804638,notebooks/prediction/data/protein_20datasets_spearman.csv,archived_metric,False
protein,Q13263_PF00628_620_DomainOne,ESM1v,0.709517675683412,notebooks/prediction/data/protein_20datasets_spearman.csv,archived_metric,False
protein,Q9UL15_PF02179_280_DomainOne,ESM1v,0.7248719879256793,notebooks/prediction/data/protein_20datasets_spearman.csv,archived_metric,False
protein,O15151_PF00641_299_DomainOne,ESM1v,0.7238439138031448,notebooks/prediction/data/protein_20datasets_spearman.csv,archived_metric,False
protein,Q9UJQ4_PF00096_627_DomainOne,ESM1v,0.5283532946454295,notebooks/prediction/data/protein_20datasets_spearman.csv,archived_metric,False
protein,ERBB2_HUMAN_Elazar_2016_Standard,Evo2 1B,0.2028467880399476,notebooks/prediction/data/protein_20datasets_spearman.csv,archived_metric,False
protein,NPC1_HUMAN_Erwood_2022_RPE1_Standard,Evo2 1B,0.3418380818496608,notebooks/prediction/data/protein_20datasets_spearman.csv,archived_metric,False
protein,LYAM1_HUMAN_Elazar_2016_Standard,Evo2 1B,0.1823133221485316,notebooks/prediction/data/protein_20datasets_spearman.csv,archived_metric,False
protein,GLPA_HUMAN_Elazar_2016_Standard,Evo2 1B,0.2032922836586165,notebooks/prediction/data/protein_20datasets_spearman.csv,archived_metric,False
protein,PITX2_HUMAN_Tsuboyama_2023_2L7M_Standard,Evo2 1B,0.3079871773741398,notebooks/prediction/data/protein_20datasets_spearman.csv,archived_metric,False
protein,RBP1_HUMAN_Tsuboyama_2023_2KWH_Standard,Evo2 1B,0.100560149671841,notebooks/prediction/data/protein_20datasets_spearman.csv,archived_metric,False
protein,RASH_HUMAN_Bandaru_2017_Standard,Evo2 1B,0.0772622972385444,notebooks/prediction/data/protein_20datasets_spearman.csv,archived_metric,False
protein,CBPA2_HUMAN_Tsuboyama_2023_1O6X_Standard,Evo2 1B,0.3279228244010971,notebooks/prediction/data/protein_20datasets_spearman.csv,archived_metric,False
protein,PIN1_HUMAN_Tsuboyama_2023_1I6C_Standard,Evo2 1B,-0.1187287864258502,notebooks/prediction/data/protein_20datasets_spearman.csv,archived_metric,False
protein,DNJA1_HUMAN_Tsuboyama_2023_2LO1_Standard,Evo2 1B,-0.0904653735539653,notebooks/prediction/data/protein_20datasets_spearman.csv,archived_metric,False
protein,Q9HC78_PF00096_635_DomainOne,Evo2 1B,-0.0707593897836194,notebooks/prediction/data/protein_20datasets_spearman.csv,archived_metric,False
protein,Q9UJQ4_PF00096_383_DomainOne,Evo2 1B,-0.3023281248146457,notebooks/prediction/data/protein_20datasets_spearman.csv,archived_metric,False
protein,Q8N1W1_PF00130_651_DomainOne,Evo2 1B,-0.0285656419795687,notebooks/prediction/data/protein_20datasets_spearman.csv,archived_metric,False
protein,Q9NU63_PF00096_176_DomainOne,Evo2 1B,-0.3833420671827957,notebooks/prediction/data/protein_20datasets_spearman.csv,archived_metric,False
protein,Q7Z5Q1_PF16366_513_DomainOne,Evo2 1B,0.0749788186706896,notebooks/prediction/data/protein_20datasets_spearman.csv,archived_metric,False
protein,Q9ULZ3_PF00619_114_DomainOne,Evo2 1B,0.2441787442687273,notebooks/prediction/data/protein_20datasets_spearman.csv,archived_metric,False
protein,Q13263_PF00628_620_DomainOne,Evo2 1B,0.187130262212251,notebooks/prediction/data/protein_20datasets_spearman.csv,archived_metric,False
protein,Q9UL15_PF02179_280_DomainOne,Evo2 1B,-0.0488453494776335,notebooks/prediction/data/protein_20datasets_spearman.csv,archived_metric,False
protein,O15151_PF00641_299_DomainOne,Evo2 1B,-0.1465471551984971,notebooks/prediction/data/protein_20datasets_spearman.csv,archived_metric,False
protein,Q9UJQ4_PF00096_627_DomainOne,Evo2 1B,-0.036523328176141,notebooks/prediction/data/protein_20datasets_spearman.csv,archived_metric,False
protein,ERBB2_HUMAN_Elazar_2016_Standard,Evo2 40B,0.0419194493897434,notebooks/prediction/data/protein_20datasets_spearman.csv,archived_metric,False
protein,NPC1_HUMAN_Erwood_2022_RPE1_Standard,Evo2 40B,-0.0328108873675387,notebooks/prediction/data/protein_20datasets_spearman.csv,archived_metric,False
protein,LYAM1_HUMAN_Elazar_2016_Standard,Evo2 40B,0.0949547915752125,notebooks/prediction/data/protein_20datasets_spearman.csv,archived_metric,False
protein,GLPA_HUMAN_Elazar_2016_Standard,Evo2 40B,0.1651951320298737,notebooks/prediction/data/protein_20datasets_spearman.csv,archived_metric,False
protein,PITX2_HUMAN_Tsuboyama_2023_2L7M_Standard,Evo2 40B,0.1723610264176711,notebooks/prediction/data/protein_20datasets_spearman.csv,archived_metric,False
protein,RBP1_HUMAN_Tsuboyama_2023_2KWH_Standard,Evo2 40B,0.0,notebooks/prediction/data/protein_20datasets_spearman.csv,archived_metric,False
protein,RASH_HUMAN_Bandaru_2017_Standard,Evo2 40B,0.0,notebooks/prediction/data/protein_20datasets_spearman.csv,archived_metric,False
protein,CBPA2_HUMAN_Tsuboyama_2023_1O6X_Standard,Evo2 40B,-0.1246089514552594,notebooks/prediction/data/protein_20datasets_spearman.csv,archived_metric,False
protein,PIN1_HUMAN_Tsuboyama_2023_1I6C_Standard,Evo2 40B,-0.0926417169531993,notebooks/prediction/data/protein_20datasets_spearman.csv,archived_metric,False
protein,DNJA1_HUMAN_Tsuboyama_2023_2LO1_Standard,Evo2 40B,-0.0125922153937987,notebooks/prediction/data/protein_20datasets_spearman.csv,archived_metric,False
protein,Q9HC78_PF00096_635_DomainOne,Evo2 40B,-0.0294829399945555,notebooks/prediction/data/protein_20datasets_spearman.csv,archived_metric,False
protein,Q9UJQ4_PF00096_383_DomainOne,Evo2 40B,-0.3179379216610271,notebooks/prediction/data/protein_20datasets_spearman.csv,archived_metric,False
protein,Q8N1W1_PF00130_651_DomainOne,Evo2 40B,-0.0566733883417092,notebooks/prediction/data/protein_20datasets_spearman.csv,archived_metric,False
protein,Q9NU63_PF00096_176_DomainOne,Evo2 40B,-0.1385047528499765,notebooks/prediction/data/protein_20datasets_spearman.csv,archived_metric,False
protein,Q7Z5Q1_PF16366_513_DomainOne,Evo2 40B,-0.2176277959746849,notebooks/prediction/data/protein_20datasets_spearman.csv,archived_metric,False
protein,Q9ULZ3_PF00619_114_DomainOne,Evo2 40B,0.1064376717790862,notebooks/prediction/data/protein_20datasets_spearman.csv,archived_metric,False
protein,Q13263_PF00628_620_DomainOne,Evo2 40B,0.2601744706726098,notebooks/prediction/data/protein_20datasets_spearman.csv,archived_metric,False
protein,Q9UL15_PF02179_280_DomainOne,Evo2 40B,0.0780099064399415,notebooks/prediction/data/protein_20datasets_spearman.csv,archived_metric,False
protein,O15151_PF00641_299_DomainOne,Evo2 40B,-0.1666647252847521,notebooks/prediction/data/protein_20datasets_spearman.csv,archived_metric,False
protein,Q9UJQ4_PF00096_627_DomainOne,Evo2 40B,-0.1921636416018438,notebooks/prediction/data/protein_20datasets_spearman.csv,archived_metric,False
protein,ERBB2_HUMAN_Elazar_2016_Standard,EVA 1.4B,0.5201879544133535,notebooks/prediction/data/protein_20datasets_spearman.csv,archived_metric,False
protein,NPC1_HUMAN_Erwood_2022_RPE1_Standard,EVA 1.4B,0.4429243471582181,notebooks/prediction/data/protein_20datasets_spearman.csv,archived_metric,False
protein,LYAM1_HUMAN_Elazar_2016_Standard,EVA 1.4B,0.3964270965559145,notebooks/prediction/data/protein_20datasets_spearman.csv,archived_metric,False
protein,GLPA_HUMAN_Elazar_2016_Standard,EVA 1.4B,0.3694864911178386,notebooks/prediction/data/protein_20datasets_spearman.csv,archived_metric,False
protein,PITX2_HUMAN_Tsuboyama_2023_2L7M_Standard,EVA 1.4B,0.3243071448261243,notebooks/prediction/data/protein_20datasets_spearman.csv,archived_metric,False
protein,RBP1_HUMAN_Tsuboyama_2023_2KWH_Standard,EVA 1.4B,0.2608256740612143,notebooks/prediction/data/protein_20datasets_spearman.csv,archived_metric,False
protein,RASH_HUMAN_Bandaru_2017_Standard,EVA 1.4B,0.2320337471484888,notebooks/prediction/data/protein_20datasets_spearman.csv,archived_metric,False
protein,CBPA2_HUMAN_Tsuboyama_2023_1O6X_Standard,EVA 1.4B,0.2093535992756366,notebooks/prediction/data/protein_20datasets_spearman.csv,archived_metric,False
protein,PIN1_HUMAN_Tsuboyama_2023_1I6C_Standard,EVA 1.4B,-0.2051537054444592,notebooks/prediction/data/protein_20datasets_spearman.csv,archived_metric,False
protein,DNJA1_HUMAN_Tsuboyama_2023_2LO1_Standard,EVA 1.4B,0.1894683974201523,notebooks/prediction/data/protein_20datasets_spearman.csv,archived_metric,False
protein,Q9HC78_PF00096_635_DomainOne,EVA 1.4B,0.6608519269776877,notebooks/prediction/data/protein_20datasets_spearman.csv,archived_metric,False
protein,Q9UJQ4_PF00096_383_DomainOne,EVA 1.4B,0.6565686944634314,notebooks/prediction/data/protein_20datasets_spearman.csv,archived_metric,False
protein,Q8N1W1_PF00130_651_DomainOne,EVA 1.4B,0.6162868514670143,notebooks/prediction/data/protein_20datasets_spearman.csv,archived_metric,False
protein,Q9NU63_PF00096_176_DomainOne,EVA 1.4B,0.5947782932355162,notebooks/prediction/data/protein_20datasets_spearman.csv,archived_metric,False
protein,Q7Z5Q1_PF16366_513_DomainOne,EVA 1.4B,0.5937414965986395,notebooks/prediction/data/protein_20datasets_spearman.csv,archived_metric,False
protein,Q9ULZ3_PF00619_114_DomainOne,EVA 1.4B,0.5821013130465874,notebooks/prediction/data/protein_20datasets_spearman.csv,archived_metric,False
protein,Q13263_PF00628_620_DomainOne,EVA 1.4B,0.5804255522160202,notebooks/prediction/data/protein_20datasets_spearman.csv,archived_metric,False
protein,Q9UL15_PF02179_280_DomainOne,EVA 1.4B,0.5751055576891609,notebooks/prediction/data/protein_20datasets_spearman.csv,archived_metric,False
protein,O15151_PF00641_299_DomainOne,EVA 1.4B,0.5747932440302854,notebooks/prediction/data/protein_20datasets_spearman.csv,archived_metric,False
protein,Q9UJQ4_PF00096_627_DomainOne,EVA 1.4B,0.5734617442482611,notebooks/prediction/data/protein_20datasets_spearman.csv,archived_metric,False
protein,ERBB2_HUMAN_Elazar_2016_Standard,EVA 21M,-0.0020487429368809,notebooks/prediction/data/protein_20datasets_spearman.csv,archived_metric,False
protein,NPC1_HUMAN_Erwood_2022_RPE1_Standard,EVA 21M,-0.3190284178187403,notebooks/prediction/data/protein_20datasets_spearman.csv,archived_metric,False
protein,LYAM1_HUMAN_Elazar_2016_Standard,EVA 21M,0.0158979277152243,notebooks/prediction/data/protein_20datasets_spearman.csv,archived_metric,False
protein,GLPA_HUMAN_Elazar_2016_Standard,EVA 21M,0.0565145370423259,notebooks/prediction/data/protein_20datasets_spearman.csv,archived_metric,False
protein,PITX2_HUMAN_Tsuboyama_2023_2L7M_Standard,EVA 21M,0.2117991450270338,notebooks/prediction/data/protein_20datasets_spearman.csv,archived_metric,False
protein,RBP1_HUMAN_Tsuboyama_2023_2KWH_Standard,EVA 21M,0.0137533418828949,notebooks/prediction/data/protein_20datasets_spearman.csv,archived_metric,False
protein,RASH_HUMAN_Bandaru_2017_Standard,EVA 21M,0.0449790003409904,notebooks/prediction/data/protein_20datasets_spearman.csv,archived_metric,False
protein,CBPA2_HUMAN_Tsuboyama_2023_1O6X_Standard,EVA 21M,-0.0192828933897554,notebooks/prediction/data/protein_20datasets_spearman.csv,archived_metric,False
protein,PIN1_HUMAN_Tsuboyama_2023_1I6C_Standard,EVA 21M,0.0,notebooks/prediction/data/protein_20datasets_spearman.csv,archived_metric,False
protein,DNJA1_HUMAN_Tsuboyama_2023_2LO1_Standard,EVA 21M,0.0,notebooks/prediction/data/protein_20datasets_spearman.csv,archived_metric,False
protein,Q9HC78_PF00096_635_DomainOne,EVA 21M,-0.0294829399945555,notebooks/prediction/data/protein_20datasets_spearman.csv,archived_metric,False
protein,Q9UJQ4_PF00096_383_DomainOne,EVA 21M,-0.3179379216610271,notebooks/prediction/data/protein_20datasets_spearman.csv,archived_metric,False
protein,Q8N1W1_PF00130_651_DomainOne,EVA 21M,-0.0566733883417092,notebooks/prediction/data/protein_20datasets_spearman.csv,archived_metric,False
protein,Q9NU63_PF00096_176_DomainOne,EVA 21M,-0.1385047528499765,notebooks/prediction/data/protein_20datasets_spearman.csv,archived_metric,False
protein,Q7Z5Q1_PF16366_513_DomainOne,EVA 21M,-0.2176277959746849,notebooks/prediction/data/protein_20datasets_spearman.csv,archived_metric,False
protein,Q9ULZ3_PF00619_114_DomainOne,EVA 21M,0.1064376717790862,notebooks/prediction/data/protein_20datasets_spearman.csv,archived_metric,False
protein,Q13263_PF00628_620_DomainOne,EVA 21M,0.2601744706726098,notebooks/prediction/data/protein_20datasets_spearman.csv,archived_metric,False
protein,Q9UL15_PF02179_280_DomainOne,EVA 21M,0.0780099064399415,notebooks/prediction/data/protein_20datasets_spearman.csv,archived_metric,False
protein,O15151_PF00641_299_DomainOne,EVA 21M,-0.1666647252847521,notebooks/prediction/data/protein_20datasets_spearman.csv,archived_metric,False
protein,Q9UJQ4_PF00096_627_DomainOne,EVA 21M,-0.1921636416018438,notebooks/prediction/data/protein_20datasets_spearman.csv,archived_metric,False
protein,ERBB2_HUMAN_Elazar_2016_Standard,GENA,0.0392539697012757,notebooks/prediction/data/protein_20datasets_spearman.csv,archived_metric,False
protein,NPC1_HUMAN_Erwood_2022_RPE1_Standard,GENA,-0.0875576036866359,notebooks/prediction/data/protein_20datasets_spearman.csv,archived_metric,False
protein,LYAM1_HUMAN_Elazar_2016_Standard,GENA,0.1208302937000602,notebooks/prediction/data/protein_20datasets_spearman.csv,archived_metric,False
protein,GLPA_HUMAN_Elazar_2016_Standard,GENA,-0.0368375098940015,notebooks/prediction/data/protein_20datasets_spearman.csv,archived_metric,False
protein,PITX2_HUMAN_Tsuboyama_2023_2L7M_Standard,GENA,0.0769988829730534,notebooks/prediction/data/protein_20datasets_spearman.csv,archived_metric,False
protein,RBP1_HUMAN_Tsuboyama_2023_2KWH_Standard,GENA,-0.0306870786370826,notebooks/prediction/data/protein_20datasets_spearman.csv,archived_metric,False
protein,RASH_HUMAN_Bandaru_2017_Standard,GENA,0.0545553339721905,notebooks/prediction/data/protein_20datasets_spearman.csv,archived_metric,False
protein,CBPA2_HUMAN_Tsuboyama_2023_1O6X_Standard,GENA,-0.1152980637756356,notebooks/prediction/data/protein_20datasets_spearman.csv,archived_metric,False
protein,PIN1_HUMAN_Tsuboyama_2023_1I6C_Standard,GENA,0.0948961661452406,notebooks/prediction/data/protein_20datasets_spearman.csv,archived_metric,False
protein,DNJA1_HUMAN_Tsuboyama_2023_2LO1_Standard,GENA,-0.1547900210904572,notebooks/prediction/data/protein_20datasets_spearman.csv,archived_metric,False
protein,Q9HC78_PF00096_635_DomainOne,GENA,0.2338506533327043,notebooks/prediction/data/protein_20datasets_spearman.csv,archived_metric,False
protein,Q9UJQ4_PF00096_383_DomainOne,GENA,0.0004647983595352,notebooks/prediction/data/protein_20datasets_spearman.csv,archived_metric,False
protein,Q8N1W1_PF00130_651_DomainOne,GENA,0.0904688105385509,notebooks/prediction/data/protein_20datasets_spearman.csv,archived_metric,False
protein,Q9NU63_PF00096_176_DomainOne,GENA,-0.0534500562551053,notebooks/prediction/data/protein_20datasets_spearman.csv,archived_metric,False
protein,Q7Z5Q1_PF16366_513_DomainOne,GENA,0.1515151515151515,notebooks/prediction/data/protein_20datasets_spearman.csv,archived_metric,False
protein,Q9ULZ3_PF00619_114_DomainOne,GENA,0.0565226145482076,notebooks/prediction/data/protein_20datasets_spearman.csv,archived_metric,False
protein,Q13263_PF00628_620_DomainOne,GENA,-0.0258480034349506,notebooks/prediction/data/protein_20datasets_spearman.csv,archived_metric,False
protein,Q9UL15_PF02179_280_DomainOne,GENA,-0.144069177157789,notebooks/prediction/data/protein_20datasets_spearman.csv,archived_metric,False
protein,O15151_PF00641_299_DomainOne,GENA,-0.0924868957483983,notebooks/prediction/data/protein_20datasets_spearman.csv,archived_metric,False
protein,Q9UJQ4_PF00096_627_DomainOne,GENA,-0.0605259908630695,notebooks/prediction/data/protein_20datasets_spearman.csv,archived_metric,False
